,window,time,box,treat,day_night,nursing,foraging_suc,foraging_pol,nesting_room,foraging_room,out,activity_nest,activity_forage,temperature_in,temperature_out,daily_consumption,brood_area
0,"[Timestamp('2023-04-24 00:00:00'), Timestamp('2023-04-24 01:00:00')]",2023-04-24 00:30:00,2A,PH,night,,,,,,,,,29.965866666666667,30.40477611940298,,
1,"[Timestamp('2023-04-24 01:00:00'), Timestamp('2023-04-24 02:00:00')]",2023-04-24 01:30:00,2A,PH,night,,,,,,,,,30.063238095238095,30.40477611940298,,
2,"[Timestamp('2023-04-24 02:00:00'), Timestamp('2023-04-24 03:00:00')]",2023-04-24 02:30:00,2A,PH,night,,,,,,,,,30.044708333333332,29.97825581395349,,
3,"[Timestamp('2023-04-24 03:00:00'), Timestamp('2023-04-24 04:00:00')]",2023-04-24 03:30:00,2A,PH,night,,,,,,,,,29.972916666666666,28.96481818181819,,
4,"[Timestamp('2023-04-24 04:00:00'), Timestamp('2023-04-24 05:00:00')]",2023-04-24 04:30:00,2A,PH,night,,,,,,,,,29.877791666666667,28.487757575757573,,
5,"[Timestamp('2023-04-24 05:00:00'), Timestamp('2023-04-24 06:00:00')]",2023-04-24 05:30:00,2A,PH,night,,,,,,,,,29.797541666666667,28.44955555555556,,
6,"[Timestamp('2023-04-24 06:00:00'), Timestamp('2023-04-24 07:00:00')]",2023-04-24 06:30:00,2A,PH,day,,,,,,,,,29.703416666666666,28.080708333333334,,
7,"[Timestamp('2023-04-24 07:00:00'), Timestamp('2023-04-24 08:00:00')]",2023-04-24 07:30:00,2A,PH,day,,,,,,,,,29.627458333333333,27.919416666666667,,
8,"[Timestamp('2023-04-24 08:00:00'), Timestamp('2023-04-24 09:00:00')]",2023-04-24 08:30:00,2A,PH,day,,,,,,,,,29.576416666666667,27.85575,,
9,"[Timestamp('2023-04-24 09:00:00'), Timestamp('2023-04-24 10:00:00')]",2023-04-24 09:30:00,2A,PH,day,,,,,,,,,29.513166666666667,27.687124999999998,,
10,"[Timestamp('2023-04-24 10:00:00'), Timestamp('2023-04-24 11:00:00')]",2023-04-24 10:30:00,2A,PH,day,,,,,,,,,29.515,27.806750000000005,,
11,"[Timestamp('2023-04-24 11:00:00'), Timestamp('2023-04-24 12:00:00')]",2023-04-24 11:30:00,2A,PH,day,,,,,,,,,29.525249999999996,27.854833333333332,,
12,"[Timestamp('2023-04-24 12:00:00'), Timestamp('2023-04-24 13:00:00')]",2023-04-24 12:30:00,2A,PH,day,,,,,,,,,29.513458333333332,27.840875,,
13,"[Timestamp('2023-04-24 13:00:00'), Timestamp('2023-04-24 14:00:00')]",2023-04-24 13:30:00,2A,PH,day,,,,,,,,,29.522166666666667,27.806166666666666,,
14,"[Timestamp('2023-04-24 14:00:00'), Timestamp('2023-04-24 15:00:00')]",2023-04-24 14:30:00,2A,PH,day,,,,,,,,,29.411041666666666,27.652041666666666,,
15,"[Timestamp('2023-04-24 15:00:00'), Timestamp('2023-04-24 16:00:00')]",2023-04-24 15:30:00,2A,PH,day,,,,,,,,,28.39125,26.825916666666664,,
16,"[Timestamp('2023-04-24 16:00:00'), Timestamp('2023-04-24 17:00:00')]",2023-04-24 16:30:00,2A,PH,day,,,,,,,,,26.825916666666664,25.475041666666662,,
17,"[Timestamp('2023-04-24 17:00:00'), Timestamp('2023-04-24 18:00:00')]",2023-04-24 17:30:00,2A,PH,day,,,,,,,,,24.993499999999997,23.8045,,
18,"[Timestamp('2023-04-24 18:00:00'), Timestamp('2023-04-24 19:00:00')]",2023-04-24 18:30:00,2A,PH,day,,,,,,,,,23.115666666666666,21.85725,,
19,"[Timestamp('2023-04-24 19:00:00'), Timestamp('2023-04-24 20:00:00')]",2023-04-24 19:30:00,2A,PH,night,1.934639573997178,,,0.07879392212725504,,,3.449121025927028,,22.06895833333333,20.609500000000004,,
20,"[Timestamp('2023-04-24 20:00:00'), Timestamp('2023-04-24 21:00:00')]",2023-04-24 20:30:00,2A,PH,night,1.982726671460873,,,0.077234343434342,,,3.276158905297782,,21.526708333333332,19.864874999999998,,
21,"[Timestamp('2023-04-24 21:00:00'), Timestamp('2023-04-24 22:00:00')]",2023-04-24 21:30:00,2A,PH,night,,,,,,,,,21.19220833333333,19.385416666666668,,
22,"[Timestamp('2023-04-24 22:00:00'), Timestamp('2023-04-24 23:00:00')]",2023-04-24 22:30:00,2A,PH,night,2.281233332147101,,,0.11408403026682387,,,2.797530974220337,,20.959541666666667,19.071916666666667,,
23,"[Timestamp('2023-04-24 23:00:00'), Timestamp('2023-04-25 00:00:00')]",2023-04-24 23:30:00,2A,PH,night,2.2373899930221617,,,0.09428104575164196,,,,,20.782249999999998,18.848666666666666,,
24,"[Timestamp('2023-04-25 00:00:00'), Timestamp('2023-04-25 01:00:00')]",2023-04-25 00:30:00,2A,PH,night,1.8870737309237988,,,0.08184200812109264,,,3.715655879902866,,20.637749999999997,18.673333333333332,,
25,"[Timestamp('2023-04-25 01:00:00'), Timestamp('2023-04-25 02:00:00')]",2023-04-25 01:30:00,2A,PH,night,2.153268109075118,,,0.0960987654320879,,,,,20.520666666666667,18.536791666666666,,
26,"[Timestamp('2023-04-25 02:00:00'), Timestamp('2023-04-25 03:00:00')]",2023-04-25 02:30:00,2A,PH,night,2.0437471487146963,,,0.08112984822935451,,,6.647683780598181,,20.41720833333333,18.420666666666666,,
27,"[Timestamp('2023-04-25 03:00:00'), Timestamp('2023-04-25 04:00:00')]",2023-04-25 03:30:00,2A,PH,night,2.198962965341106,,,0.097705314009673,,,,,20.326291666666666,18.31504166666667,,
28,"[Timestamp('2023-04-25 04:00:00'), Timestamp('2023-04-25 05:00:00')]",2023-04-25 04:30:00,2A,PH,night,2.026302510957231,,,0.06828566189952895,,,5.003986486017373,,20.252249999999997,18.23258333333333,,
29,"[Timestamp('2023-04-25 05:00:00'), Timestamp('2023-04-25 06:00:00')]",2023-04-25 05:30:00,2A,PH,night,2.05240140539547,,,0.08026570048310276,,,,,20.182375,18.162625000000002,,
30,"[Timestamp('2023-04-25 06:00:00'), Timestamp('2023-04-25 07:00:00')]",2023-04-25 06:30:00,2A,PH,day,2.1211898812722474,,,0.09612345679011769,,,,,20.118916666666664,18.109624999999998,,
31,"[Timestamp('2023-04-25 07:00:00'), Timestamp('2023-04-25 08:00:00')]",2023-04-25 07:30:00,2A,PH,day,2.1315581806875317,,,0.07981295925184768,,,4.830599627057342,,20.06229166666667,18.051624999999998,,
32,"[Timestamp('2023-04-25 08:00:00'), Timestamp('2023-04-25 09:00:00')]",2023-04-25 08:30:00,2A,PH,day,2.1791999707798393,,,0.08764519140989044,,,6.143328796796486,,20.019416666666665,18.012749999999997,,
33,"[Timestamp('2023-04-25 09:00:00'), Timestamp('2023-04-25 10:00:00')]",2023-04-25 09:30:00,2A,PH,day,2.2030455732114227,,,0.11619753086418318,,,,,19.991083333333336,17.97908333333333,,
34,"[Timestamp('2023-04-25 10:00:00'), Timestamp('2023-04-25 11:00:00')]",2023-04-25 10:30:00,2A,PH,day,2.046203156365385,,,0.0929365079365113,,,5.697092271770093,,19.958083333333335,17.923416666666665,,
35,"[Timestamp('2023-04-25 11:00:00'), Timestamp('2023-04-25 12:00:00')]",2023-04-25 11:30:00,2A,PH,day,2.081699858867561,,,0.08801932367151187,,,,,19.92125,17.877583333333337,,
36,"[Timestamp('2023-04-25 12:00:00'), Timestamp('2023-04-25 13:00:00')]",2023-04-25 12:30:00,2A,PH,day,2.0425226946966473,,,0.08859259259259174,,,,,19.892458333333334,17.833333333333332,,
37,"[Timestamp('2023-04-25 13:00:00'), Timestamp('2023-04-25 14:00:00')]",2023-04-25 13:30:00,2A,PH,day,1.987432684830539,,,0.08419316843344768,,,4.885882370121541,,19.864041666666665,17.788541666666667,,
38,"[Timestamp('2023-04-25 14:00:00'), Timestamp('2023-04-25 15:00:00')]",2023-04-25 14:30:00,2A,PH,day,2.1371035514985577,,,0.10690628019325005,,,4.604028043587554,,19.855833333333333,17.793333333333333,,
39,"[Timestamp('2023-04-25 15:00:00'), Timestamp('2023-04-25 16:00:00')]",2023-04-25 15:30:00,2A,PH,day,1.9505074757176744,,,0.08814814814813841,,,,,19.885291666666664,17.928208333333334,,
40,"[Timestamp('2023-04-25 16:00:00'), Timestamp('2023-04-25 17:00:00')]",2023-04-25 16:30:00,2A,PH,day,2.144702119181832,,,0.10864448552063835,,,4.74818396056973,,19.909499999999994,18.139958333333333,,
41,"[Timestamp('2023-04-25 17:00:00'), Timestamp('2023-04-25 18:00:00')]",2023-04-25 17:30:00,2A,PH,day,,,,,,,,,19.956791666666668,19.207083333333337,,
42,"[Timestamp('2023-04-25 18:00:00'), Timestamp('2023-04-25 19:00:00')]",2023-04-25 18:30:00,2A,PH,day,2.0469080561426822,,,0.0931069574247156,,,5.5410473873355155,,19.968708333333332,19.312708333333333,,
43,"[Timestamp('2023-04-25 19:00:00'), Timestamp('2023-04-25 20:00:00')]",2023-04-25 19:30:00,2A,PH,night,,,,,,,,,19.931958333333334,19.208000000000002,,
44,"[Timestamp('2023-04-25 20:00:00'), Timestamp('2023-04-25 21:00:00')]",2023-04-25 20:30:00,2A,PH,night,2.269586646195255,,,0.09756015902908555,,,3.246776525831481,,19.875249999999998,18.983083333333337,,
45,"[Timestamp('2023-04-25 21:00:00'), Timestamp('2023-04-25 22:00:00')]",2023-04-25 21:30:00,2A,PH,night,,,,,,,,,19.793166666666664,17.939583333333335,,
46,"[Timestamp('2023-04-25 22:00:00'), Timestamp('2023-04-25 23:00:00')]",2023-04-25 22:30:00,2A,PH,night,2.1624373080140993,,,0.0967690058479397,,,4.438386769375818,,19.843809523809522,17.843666666666667,,
47,"[Timestamp('2023-04-25 23:00:00'), Timestamp('2023-04-26 00:00:00')]",2023-04-25 23:30:00,2A,,night,,,,,,,,,19.758,17.814866666666664,,
48,"[Timestamp('2023-04-24 00:00:00'), Timestamp('2023-04-24 01:00:00')]",2023-04-24 00:30:00,2B,CK,night,,,,,,,,,29.656933333333335,29.577933333333338,,
49,"[Timestamp('2023-04-24 01:00:00'), Timestamp('2023-04-24 02:00:00')]",2023-04-24 01:30:00,2B,CK,night,,,,,,,,,29.74047619047619,29.686904761904763,,
50,"[Timestamp('2023-04-24 02:00:00'), Timestamp('2023-04-24 03:00:00')]",2023-04-24 02:30:00,2B,CK,night,,,,,,,,,29.747166666666665,29.77854166666667,,
51,"[Timestamp('2023-04-24 03:00:00'), Timestamp('2023-04-24 04:00:00')]",2023-04-24 03:30:00,2B,CK,night,,,,,,,,,29.708041666666666,29.749499999999998,,
52,"[Timestamp('2023-04-24 04:00:00'), Timestamp('2023-04-24 05:00:00')]",2023-04-24 04:30:00,2B,CK,night,,,,,,,,,29.653458333333333,29.545125,,
53,"[Timestamp('2023-04-24 05:00:00'), Timestamp('2023-04-24 06:00:00')]",2023-04-24 05:30:00,2B,CK,night,,,,,,,,,29.592,29.225624999999997,,
54,"[Timestamp('2023-04-24 06:00:00'), Timestamp('2023-04-24 07:00:00')]",2023-04-24 06:30:00,2B,CK,day,,,,,,,,,29.506000000000004,28.92966666666667,,
55,"[Timestamp('2023-04-24 07:00:00'), Timestamp('2023-04-24 08:00:00')]",2023-04-24 07:30:00,2B,CK,day,,,,,,,,,29.432791666666667,28.711666666666662,,
56,"[Timestamp('2023-04-24 08:00:00'), Timestamp('2023-04-24 09:00:00')]",2023-04-24 08:30:00,2B,CK,day,,,,,,,,,29.39975,28.587750000000003,,
57,"[Timestamp('2023-04-24 09:00:00'), Timestamp('2023-04-24 10:00:00')]",2023-04-24 09:30:00,2B,CK,day,,,,,,,,,29.392541666666666,28.59170833333333,,
58,"[Timestamp('2023-04-24 10:00:00'), Timestamp('2023-04-24 11:00:00')]",2023-04-24 10:30:00,2B,CK,day,,,,,,,,,29.412666666666667,28.609500000000004,,
59,"[Timestamp('2023-04-24 11:00:00'), Timestamp('2023-04-24 12:00:00')]",2023-04-24 11:30:00,2B,CK,day,,,,,,,,,29.422208333333334,28.627125,,
60,"[Timestamp('2023-04-24 12:00:00'), Timestamp('2023-04-24 13:00:00')]",2023-04-24 12:30:00,2B,CK,day,,,,,,,,,29.377499999999998,28.549750000000003,,
61,"[Timestamp('2023-04-24 13:00:00'), Timestamp('2023-04-24 14:00:00')]",2023-04-24 13:30:00,2B,CK,day,,,,,,,,,29.3,28.383000000000003,,
62,"[Timestamp('2023-04-24 14:00:00'), Timestamp('2023-04-24 15:00:00')]",2023-04-24 14:30:00,2B,CK,day,,,,,,,,,29.127416666666665,28.156208333333332,,
63,"[Timestamp('2023-04-24 15:00:00'), Timestamp('2023-04-24 16:00:00')]",2023-04-24 15:30:00,2B,CK,day,,,,,,,,,28.166666666666668,27.476375,,
64,"[Timestamp('2023-04-24 16:00:00'), Timestamp('2023-04-24 17:00:00')]",2023-04-24 16:30:00,2B,CK,day,,,,,,,,,26.67891666666667,26.236041666666665,,
65,"[Timestamp('2023-04-24 17:00:00'), Timestamp('2023-04-24 18:00:00')]",2023-04-24 17:30:00,2B,CK,day,,,,,,,,,24.941125,24.64258333333333,,
66,"[Timestamp('2023-04-24 18:00:00'), Timestamp('2023-04-24 19:00:00')]",2023-04-24 18:30:00,2B,CK,day,,,,,,,,,23.146041666666665,22.870124999999998,,
67,"[Timestamp('2023-04-24 19:00:00'), Timestamp('2023-04-24 20:00:00')]",2023-04-24 19:30:00,2B,CK,night,,,,,,,,,22.059166666666666,21.38145833333333,,
68,"[Timestamp('2023-04-24 20:00:00'), Timestamp('2023-04-24 21:00:00')]",2023-04-24 20:30:00,2B,CK,night,,,,,,,,,21.46675,20.43220833333333,,
69,"[Timestamp('2023-04-24 21:00:00'), Timestamp('2023-04-24 22:00:00')]",2023-04-24 21:30:00,2B,CK,night,,,,,,,,,21.09575,19.839499999999997,,
70,"[Timestamp('2023-04-24 22:00:00'), Timestamp('2023-04-24 23:00:00')]",2023-04-24 22:30:00,2B,CK,night,,,,,,,,,20.84058333333333,19.45895833333333,,
71,"[Timestamp('2023-04-24 23:00:00'), Timestamp('2023-04-25 00:00:00')]",2023-04-24 23:30:00,2B,CK,night,,,,,,,,,20.649458333333335,19.19545833333333,,
72,"[Timestamp('2023-04-25 00:00:00'), Timestamp('2023-04-25 01:00:00')]",2023-04-25 00:30:00,2B,CK,night,,,,,,,,,20.492583333333336,19.000458333333334,,
73,"[Timestamp('2023-04-25 01:00:00'), Timestamp('2023-04-25 02:00:00')]",2023-04-25 01:30:00,2B,CK,night,,,,,,,,,20.36925,18.84704166666667,,
74,"[Timestamp('2023-04-25 02:00:00'), Timestamp('2023-04-25 03:00:00')]",2023-04-25 02:30:00,2B,CK,night,,,,,,,,,20.25545833333333,18.717333333333332,,
75,"[Timestamp('2023-04-25 03:00:00'), Timestamp('2023-04-25 04:00:00')]",2023-04-25 03:30:00,2B,CK,night,,,,,,,,,20.161375,18.62091666666667,,
76,"[Timestamp('2023-04-25 04:00:00'), Timestamp('2023-04-25 05:00:00')]",2023-04-25 04:30:00,2B,CK,night,,,,,,,,,20.083000000000002,18.54008333333333,,
77,"[Timestamp('2023-04-25 05:00:00'), Timestamp('2023-04-25 06:00:00')]",2023-04-25 05:30:00,2B,CK,night,,,,,,,,,20.008041666666667,18.47075,,
78,"[Timestamp('2023-04-25 06:00:00'), Timestamp('2023-04-25 07:00:00')]",2023-04-25 06:30:00,2B,CK,day,,,,,,,,,19.97670833333333,18.48141666666667,,
79,"[Timestamp('2023-04-25 07:00:00'), Timestamp('2023-04-25 08:00:00')]",2023-04-25 07:30:00,2B,CK,day,,,,,,,,,19.99204166666667,18.578916666666668,,
80,"[Timestamp('2023-04-25 08:00:00'), Timestamp('2023-04-25 09:00:00')]",2023-04-25 08:30:00,2B,CK,day,,,,,,,,,20.062458333333332,18.829833333333337,,
81,"[Timestamp('2023-04-25 09:00:00'), Timestamp('2023-04-25 10:00:00')]",2023-04-25 09:30:00,2B,CK,day,,,,,,,,,20.155250000000002,19.12316666666667,,
82,"[Timestamp('2023-04-25 10:00:00'), Timestamp('2023-04-25 11:00:00')]",2023-04-25 10:30:00,2B,CK,day,2.1705989110705617,,,0.10861423220974929,,,8.484427051080013,,20.16670833333333,19.268666666666668,,
83,"[Timestamp('2023-04-25 11:00:00'), Timestamp('2023-04-25 12:00:00')]",2023-04-25 11:30:00,2B,CK,day,,,,,,,,,20.0865,19.156791666666667,,
84,"[Timestamp('2023-04-25 12:00:00'), Timestamp('2023-04-25 13:00:00')]",2023-04-25 12:30:00,2B,CK,day,2.0506485124084604,,,0.11291353383456366,,,4.857392713455408,,19.952375,18.842166666666667,,
85,"[Timestamp('2023-04-25 13:00:00'), Timestamp('2023-04-25 14:00:00')]",2023-04-25 13:30:00,2B,CK,day,,,,,,,,,19.812583333333333,18.479750000000003,,
86,"[Timestamp('2023-04-25 14:00:00'), Timestamp('2023-04-25 15:00:00')]",2023-04-25 14:30:00,2B,CK,day,,,,,,,,,19.746541666666666,18.20783333333333,,
87,"[Timestamp('2023-04-25 15:00:00'), Timestamp('2023-04-25 16:00:00')]",2023-04-25 15:30:00,2B,CK,day,2.177035401202553,,,0.10492571667712781,,,5.64358272212175,,19.738999999999997,18.112833333333334,,
88,"[Timestamp('2023-04-25 16:00:00'), Timestamp('2023-04-25 17:00:00')]",2023-04-25 16:30:00,2B,CK,day,1.7591060835380175,,,0.0810464873879479,,,4.921311140035022,,19.744666666666664,18.077125000000002,,
89,"[Timestamp('2023-04-25 17:00:00'), Timestamp('2023-04-25 18:00:00')]",2023-04-25 17:30:00,2B,CK,day,,,,,,,,,19.75195833333333,18.058333333333334,,
90,"[Timestamp('2023-04-25 18:00:00'), Timestamp('2023-04-25 19:00:00')]",2023-04-25 18:30:00,2B,CK,day,2.182039479721534,,,0.11400920694706788,,,4.104559798948826,,19.736833333333333,18.042125,,
91,"[Timestamp('2023-04-25 19:00:00'), Timestamp('2023-04-25 20:00:00')]",2023-04-25 19:30:00,2B,CK,night,,,,,,,,,19.70120833333333,18.00775,,
92,"[Timestamp('2023-04-25 20:00:00'), Timestamp('2023-04-25 21:00:00')]",2023-04-25 20:30:00,2B,CK,night,,,,,,,,,19.657208333333333,17.965125,,
93,"[Timestamp('2023-04-25 21:00:00'), Timestamp('2023-04-25 22:00:00')]",2023-04-25 21:30:00,2B,CK,night,1.1693873069322849,,,0.05906757034298688,,,2.949031156038806,,19.602500000000003,17.911458333333332,,
94,"[Timestamp('2023-04-25 22:00:00'), Timestamp('2023-04-25 23:00:00')]",2023-04-25 22:30:00,2B,CK,night,,,,,,,,,19.65057142857143,17.872666666666664,,
95,"[Timestamp('2023-04-25 23:00:00'), Timestamp('2023-04-26 00:00:00')]",2023-04-25 23:30:00,2B,,night,,,,,,,,,19.580733333333335,17.848866666666666,,
96,"[Timestamp('2023-04-24 00:00:00'), Timestamp('2023-04-24 01:00:00')]",2023-04-24 00:30:00,2C,PL,night,,,,,,,,,27.5508,27.422866666666668,,
97,"[Timestamp('2023-04-24 01:00:00'), Timestamp('2023-04-24 02:00:00')]",2023-04-24 01:30:00,2C,PL,night,,,,,,,,,27.538095238095238,27.422809523809523,,
98,"[Timestamp('2023-04-24 02:00:00'), Timestamp('2023-04-24 03:00:00')]",2023-04-24 02:30:00,2C,PL,night,,,,,,,,,27.503624999999996,27.395208333333336,,
99,"[Timestamp('2023-04-24 03:00:00'), Timestamp('2023-04-24 04:00:00')]",2023-04-24 03:30:00,2C,PL,night,,,,,,,,,27.44675,27.35029166666667,,
100,"[Timestamp('2023-04-24 04:00:00'), Timestamp('2023-04-24 05:00:00')]",2023-04-24 04:30:00,2C,PL,night,,,,,,,,,27.383,27.292458333333332,,
101,"[Timestamp('2023-04-24 05:00:00'), Timestamp('2023-04-24 06:00:00')]",2023-04-24 05:30:00,2C,PL,night,,,,,,,,,27.324458333333332,27.225083333333334,,
102,"[Timestamp('2023-04-24 06:00:00'), Timestamp('2023-04-24 07:00:00')]",2023-04-24 06:30:00,2C,PL,day,,,,,,,,,27.275458333333333,27.169208333333334,,
103,"[Timestamp('2023-04-24 07:00:00'), Timestamp('2023-04-24 08:00:00')]",2023-04-24 07:30:00,2C,PL,day,,,,,,,,,27.237583333333337,27.124000000000002,,
104,"[Timestamp('2023-04-24 08:00:00'), Timestamp('2023-04-24 09:00:00')]",2023-04-24 08:30:00,2C,PL,day,,,,,,,,,27.213833333333334,27.102708333333332,,
105,"[Timestamp('2023-04-24 09:00:00'), Timestamp('2023-04-24 10:00:00')]",2023-04-24 09:30:00,2C,PL,day,,,,,,,,,27.201083333333333,27.092291666666668,,
106,"[Timestamp('2023-04-24 10:00:00'), Timestamp('2023-04-24 11:00:00')]",2023-04-24 10:30:00,2C,PL,day,,,,,,,,,27.194583333333338,27.07795833333334,,
107,"[Timestamp('2023-04-24 11:00:00'), Timestamp('2023-04-24 12:00:00')]",2023-04-24 11:30:00,2C,PL,day,,,,,,,,,27.18241666666667,27.056499999999996,,
108,"[Timestamp('2023-04-24 12:00:00'), Timestamp('2023-04-24 13:00:00')]",2023-04-24 12:30:00,2C,PL,day,,,,,,,,,27.160625,27.02391666666667,,
109,"[Timestamp('2023-04-24 13:00:00'), Timestamp('2023-04-24 14:00:00')]",2023-04-24 13:30:00,2C,PL,day,,,,,,,,,27.135625,26.986124999999998,,
110,"[Timestamp('2023-04-24 14:00:00'), Timestamp('2023-04-24 15:00:00')]",2023-04-24 14:30:00,2C,PL,day,,,,,,,,,27.02329166666667,26.90475,,
111,"[Timestamp('2023-04-24 15:00:00'), Timestamp('2023-04-24 16:00:00')]",2023-04-24 15:30:00,2C,PL,day,,,,,,,,,26.062833333333334,26.265791666666665,,
112,"[Timestamp('2023-04-24 16:00:00'), Timestamp('2023-04-24 17:00:00')]",2023-04-24 16:30:00,2C,PL,day,,,,,,,,,24.56925,25.02479166666667,,
113,"[Timestamp('2023-04-24 17:00:00'), Timestamp('2023-04-24 18:00:00')]",2023-04-24 17:30:00,2C,PL,day,,,,,,,,,22.816958333333332,23.431,,
114,"[Timestamp('2023-04-24 18:00:00'), Timestamp('2023-04-24 19:00:00')]",2023-04-24 18:30:00,2C,PL,day,,,,,,,,,21.007791666666666,21.685708333333334,,
115,"[Timestamp('2023-04-24 19:00:00'), Timestamp('2023-04-24 20:00:00')]",2023-04-24 19:30:00,2C,PL,night,,,,,,,,,19.967791666666667,20.392333333333333,,
116,"[Timestamp('2023-04-24 20:00:00'), Timestamp('2023-04-24 21:00:00')]",2023-04-24 20:30:00,2C,PL,night,,,,,,,,,19.414125000000002,19.63416666666667,,
117,"[Timestamp('2023-04-24 21:00:00'), Timestamp('2023-04-24 22:00:00')]",2023-04-24 21:30:00,2C,PL,night,,,,,,,,,19.074666666666666,19.18479166666667,,
118,"[Timestamp('2023-04-24 22:00:00'), Timestamp('2023-04-24 23:00:00')]",2023-04-24 22:30:00,2C,PL,night,,,,,,,,,18.840958333333333,18.89875,,
119,"[Timestamp('2023-04-24 23:00:00'), Timestamp('2023-04-25 00:00:00')]",2023-04-24 23:30:00,2C,PL,night,,,,,,,,,18.665958333333332,18.698874999999997,,
120,"[Timestamp('2023-04-25 00:00:00'), Timestamp('2023-04-25 01:00:00')]",2023-04-25 00:30:00,2C,PL,night,,,,,,,,,18.521208333333334,18.544541666666667,,
121,"[Timestamp('2023-04-25 01:00:00'), Timestamp('2023-04-25 02:00:00')]",2023-04-25 01:30:00,2C,PL,night,,,,,,,,,18.400041666666667,18.417874999999995,,
122,"[Timestamp('2023-04-25 02:00:00'), Timestamp('2023-04-25 03:00:00')]",2023-04-25 02:30:00,2C,PL,night,,,,,,,,,18.297666666666668,18.305333333333337,,
123,"[Timestamp('2023-04-25 03:00:00'), Timestamp('2023-04-25 04:00:00')]",2023-04-25 03:30:00,2C,PL,night,,,,,,,,,18.205041666666666,18.20633333333333,,
124,"[Timestamp('2023-04-25 04:00:00'), Timestamp('2023-04-25 05:00:00')]",2023-04-25 04:30:00,2C,PL,night,,,,,,,,,18.125708333333332,18.119416666666666,,
125,"[Timestamp('2023-04-25 05:00:00'), Timestamp('2023-04-25 06:00:00')]",2023-04-25 05:30:00,2C,PL,night,,,,,,,,,18.050499999999996,18.056416666666667,,
126,"[Timestamp('2023-04-25 06:00:00'), Timestamp('2023-04-25 07:00:00')]",2023-04-25 06:30:00,2C,PL,day,,,,,,,,,17.9755,17.998375,,
127,"[Timestamp('2023-04-25 07:00:00'), Timestamp('2023-04-25 08:00:00')]",2023-04-25 07:30:00,2C,PL,day,,,,,,,,,17.898,17.934624999999997,,
128,"[Timestamp('2023-04-25 08:00:00'), Timestamp('2023-04-25 09:00:00')]",2023-04-25 08:30:00,2C,PL,day,,,,,,,,,17.829583333333336,17.876666666666665,,
129,"[Timestamp('2023-04-25 09:00:00'), Timestamp('2023-04-25 10:00:00')]",2023-04-25 09:30:00,2C,PL,day,,,,,,,,,17.792916666666667,17.83008333333333,,
130,"[Timestamp('2023-04-25 10:00:00'), Timestamp('2023-04-25 11:00:00')]",2023-04-25 10:30:00,2C,PL,day,2.1188042947065617,,,0.07428541924824562,,,2.462682968559535,,17.768375,17.79225,,
131,"[Timestamp('2023-04-25 11:00:00'), Timestamp('2023-04-25 12:00:00')]",2023-04-25 11:30:00,2C,PL,day,,,,,,,,,17.750208333333337,17.75883333333333,,
132,"[Timestamp('2023-04-25 12:00:00'), Timestamp('2023-04-25 13:00:00')]",2023-04-25 12:30:00,2C,PL,day,2.163801652387787,,,0.08270287141073851,,,2.281654695733158,,17.7305,17.728666666666665,,
133,"[Timestamp('2023-04-25 13:00:00'), Timestamp('2023-04-25 14:00:00')]",2023-04-25 13:30:00,2C,PL,day,,,,,,,,,17.69729166666667,17.685166666666667,,
134,"[Timestamp('2023-04-25 14:00:00'), Timestamp('2023-04-25 15:00:00')]",2023-04-25 14:30:00,2C,PL,day,,,,,,,,,17.68358333333333,17.667875,,
135,"[Timestamp('2023-04-25 15:00:00'), Timestamp('2023-04-25 16:00:00')]",2023-04-25 15:30:00,2C,PL,day,2.2135494096473574,,,0.0904653371320018,,,2.347866959936317,,17.684333333333335,17.673625,,
136,"[Timestamp('2023-04-25 16:00:00'), Timestamp('2023-04-25 17:00:00')]",2023-04-25 16:30:00,2C,PL,day,2.2251646927001283,,,0.09757217030114017,,,2.318815394610446,,17.69766666666667,17.689208333333333,,
137,"[Timestamp('2023-04-25 17:00:00'), Timestamp('2023-04-25 18:00:00')]",2023-04-25 17:30:00,2C,PL,day,,,,,,,,,17.709166666666665,17.70629166666667,,
138,"[Timestamp('2023-04-25 18:00:00'), Timestamp('2023-04-25 19:00:00')]",2023-04-25 18:30:00,2C,PL,day,,,,,,,,,17.702833333333334,17.702291666666664,,
139,"[Timestamp('2023-04-25 19:00:00'), Timestamp('2023-04-25 20:00:00')]",2023-04-25 19:30:00,2C,PL,night,2.3552198216248867,,,0.14797163120567028,,,1.6018096198609115,,17.68270833333333,17.683541666666663,,
140,"[Timestamp('2023-04-25 20:00:00'), Timestamp('2023-04-25 21:00:00')]",2023-04-25 20:30:00,2C,PL,night,2.2075861980327773,,,0.09617190775681606,,,1.894875347629351,,17.634625000000003,17.642333333333333,,
141,"[Timestamp('2023-04-25 21:00:00'), Timestamp('2023-04-25 22:00:00')]",2023-04-25 21:30:00,2C,PL,night,,,,,,,,,17.577583333333333,17.59104166666667,,
142,"[Timestamp('2023-04-25 22:00:00'), Timestamp('2023-04-25 23:00:00')]",2023-04-25 22:30:00,2C,PL,night,2.3426016043180136,,,0.14085373509103424,,,2.8992982810712267,,17.541238095238093,17.563333333333333,,
143,"[Timestamp('2023-04-25 23:00:00'), Timestamp('2023-04-26 00:00:00')]",2023-04-25 23:30:00,2C,,night,,,,,,,,,17.49986666666667,17.5256,,
144,"[Timestamp('2023-04-24 00:00:00'), Timestamp('2023-04-24 01:00:00')]",2023-04-24 00:30:00,2D,PH,night,,,,,,,,,28.4516,28.80790540540541,,
145,"[Timestamp('2023-04-24 01:00:00'), Timestamp('2023-04-24 02:00:00')]",2023-04-24 01:30:00,2D,PH,night,,,,,,,,,28.488666666666663,28.970922330097086,,
146,"[Timestamp('2023-04-24 02:00:00'), Timestamp('2023-04-24 03:00:00')]",2023-04-24 02:30:00,2D,PH,night,,,,,,,,,28.449458333333332,28.87567226890756,,
147,"[Timestamp('2023-04-24 03:00:00'), Timestamp('2023-04-24 04:00:00')]",2023-04-24 03:30:00,2D,PH,night,,,,,,,,,28.37654166666667,28.605462184873947,,
148,"[Timestamp('2023-04-24 04:00:00'), Timestamp('2023-04-24 05:00:00')]",2023-04-24 04:30:00,2D,PH,night,,,,,,,,,28.27358333333333,28.41857142857143,,
149,"[Timestamp('2023-04-24 05:00:00'), Timestamp('2023-04-24 06:00:00')]",2023-04-24 05:30:00,2D,PH,night,,,,,,,,,28.16,27.992666666666665,,
150,"[Timestamp('2023-04-24 06:00:00'), Timestamp('2023-04-24 07:00:00')]",2023-04-24 06:30:00,2D,PH,day,,,,,,,,,28.077458333333333,27.737666666666666,,
151,"[Timestamp('2023-04-24 07:00:00'), Timestamp('2023-04-24 08:00:00')]",2023-04-24 07:30:00,2D,PH,day,,,,,,,,,28.011458333333334,27.725125,,
152,"[Timestamp('2023-04-24 08:00:00'), Timestamp('2023-04-24 09:00:00')]",2023-04-24 08:30:00,2D,PH,day,,,,,,,,,27.981916666666667,27.723791666666667,,
153,"[Timestamp('2023-04-24 09:00:00'), Timestamp('2023-04-24 10:00:00')]",2023-04-24 09:30:00,2D,PH,day,,,,,,,,,27.978125,27.75904166666667,,
154,"[Timestamp('2023-04-24 10:00:00'), Timestamp('2023-04-24 11:00:00')]",2023-04-24 10:30:00,2D,PH,day,,,,,,,,,27.974458333333335,27.762875,,
155,"[Timestamp('2023-04-24 11:00:00'), Timestamp('2023-04-24 12:00:00')]",2023-04-24 11:30:00,2D,PH,day,,,,,,,,,27.97554166666667,27.68475,,
156,"[Timestamp('2023-04-24 12:00:00'), Timestamp('2023-04-24 13:00:00')]",2023-04-24 12:30:00,2D,PH,day,,,,,,,,,27.963791666666665,27.634916666666665,,
157,"[Timestamp('2023-04-24 13:00:00'), Timestamp('2023-04-24 14:00:00')]",2023-04-24 13:30:00,2D,PH,day,,,,,,,,,27.955041666666666,27.704625000000004,,
158,"[Timestamp('2023-04-24 14:00:00'), Timestamp('2023-04-24 15:00:00')]",2023-04-24 14:30:00,2D,PH,day,,,,,,,,,27.977875,28.000791666666668,,
159,"[Timestamp('2023-04-24 15:00:00'), Timestamp('2023-04-24 16:00:00')]",2023-04-24 15:30:00,2D,PH,day,,,,,,,,,27.016416666666665,27.239625,,
160,"[Timestamp('2023-04-24 16:00:00'), Timestamp('2023-04-24 17:00:00')]",2023-04-24 16:30:00,2D,PH,day,,,,,,,,,25.401041666666668,25.60645833333333,,
161,"[Timestamp('2023-04-24 17:00:00'), Timestamp('2023-04-24 18:00:00')]",2023-04-24 17:30:00,2D,PH,day,,,,,,,,,23.494500000000002,23.486958333333337,,
162,"[Timestamp('2023-04-24 18:00:00'), Timestamp('2023-04-24 19:00:00')]",2023-04-24 18:30:00,2D,PH,day,,,,,,,,,21.4225,21.00020833333333,,
163,"[Timestamp('2023-04-24 19:00:00'), Timestamp('2023-04-24 20:00:00')]",2023-04-24 19:30:00,2D,PH,night,,,,,,,,,20.271875,19.544958333333334,,
164,"[Timestamp('2023-04-24 20:00:00'), Timestamp('2023-04-24 21:00:00')]",2023-04-24 20:30:00,2D,PH,night,,,,,,,,,19.72670833333333,18.901500000000002,,
165,"[Timestamp('2023-04-24 21:00:00'), Timestamp('2023-04-24 22:00:00')]",2023-04-24 21:30:00,2D,PH,night,,,,,,,,,19.431958333333334,18.583083333333335,,
166,"[Timestamp('2023-04-24 22:00:00'), Timestamp('2023-04-24 23:00:00')]",2023-04-24 22:30:00,2D,PH,night,,,,,,,,,19.243375,18.38425,,
167,"[Timestamp('2023-04-24 23:00:00'), Timestamp('2023-04-25 00:00:00')]",2023-04-24 23:30:00,2D,PH,night,,,,,,,,,19.101791666666664,18.223041666666667,,
168,"[Timestamp('2023-04-25 00:00:00'), Timestamp('2023-04-25 01:00:00')]",2023-04-25 00:30:00,2D,PH,night,,,,,,,,,18.995375,18.140625,,
169,"[Timestamp('2023-04-25 01:00:00'), Timestamp('2023-04-25 02:00:00')]",2023-04-25 01:30:00,2D,PH,night,,,,,,,,,18.899416666666664,18.053583333333332,,
170,"[Timestamp('2023-04-25 02:00:00'), Timestamp('2023-04-25 03:00:00')]",2023-04-25 02:30:00,2D,PH,night,,,,,,,,,18.81116666666667,17.979625,,
171,"[Timestamp('2023-04-25 03:00:00'), Timestamp('2023-04-25 04:00:00')]",2023-04-25 03:30:00,2D,PH,night,,,,,,,,,18.732083333333332,17.963916666666666,,
172,"[Timestamp('2023-04-25 04:00:00'), Timestamp('2023-04-25 05:00:00')]",2023-04-25 04:30:00,2D,PH,night,,,,,,,,,18.733541666666664,18.397166666666667,,
173,"[Timestamp('2023-04-25 05:00:00'), Timestamp('2023-04-25 06:00:00')]",2023-04-25 05:30:00,2D,PH,night,,,,,,,,,18.814916666666665,19.208916666666667,,
174,"[Timestamp('2023-04-25 06:00:00'), Timestamp('2023-04-25 07:00:00')]",2023-04-25 06:30:00,2D,PH,day,,,,,,,,,18.83108333333333,19.460083333333333,,
175,"[Timestamp('2023-04-25 07:00:00'), Timestamp('2023-04-25 08:00:00')]",2023-04-25 07:30:00,2D,PH,day,,,,,,,,,18.77541666666667,19.442999999999998,,
176,"[Timestamp('2023-04-25 08:00:00'), Timestamp('2023-04-25 09:00:00')]",2023-04-25 08:30:00,2D,PH,day,,,,,,,,,18.630666666666666,18.940166666666663,,
177,"[Timestamp('2023-04-25 09:00:00'), Timestamp('2023-04-25 10:00:00')]",2023-04-25 09:30:00,2D,PH,day,,,,,,,,,18.452624999999998,18.103583333333336,,
178,"[Timestamp('2023-04-25 10:00:00'), Timestamp('2023-04-25 11:00:00')]",2023-04-25 10:30:00,2D,PH,day,,,,,,,,,18.360999999999997,17.805208333333333,,
179,"[Timestamp('2023-04-25 11:00:00'), Timestamp('2023-04-25 12:00:00')]",2023-04-25 11:30:00,2D,PH,day,2.1526620066095146,,,0.09848922368697074,,,5.740990421004883,,18.337416666666666,17.728416666666664,,
180,"[Timestamp('2023-04-25 12:00:00'), Timestamp('2023-04-25 13:00:00')]",2023-04-25 12:30:00,2D,PH,day,,,,,,,,,18.345791666666667,17.660458333333334,,
181,"[Timestamp('2023-04-25 13:00:00'), Timestamp('2023-04-25 14:00:00')]",2023-04-25 13:30:00,2D,PH,day,2.129817194587993,,,0.09323511356659811,,,6.193337023888458,,18.337,17.593958333333333,,
182,"[Timestamp('2023-04-25 14:00:00'), Timestamp('2023-04-25 15:00:00')]",2023-04-25 14:30:00,2D,PH,day,2.103880181658587,,,0.10335839598995668,,,5.034269668330024,,18.321041666666666,17.563291666666668,,
183,"[Timestamp('2023-04-25 15:00:00'), Timestamp('2023-04-25 16:00:00')]",2023-04-25 15:30:00,2D,PH,day,,,,,,,,,18.326416666666667,17.549958333333333,,
184,"[Timestamp('2023-04-25 16:00:00'), Timestamp('2023-04-25 17:00:00')]",2023-04-25 16:30:00,2D,PH,day,,,,,,,,,18.348041666666667,17.557000000000002,,
185,"[Timestamp('2023-04-25 17:00:00'), Timestamp('2023-04-25 18:00:00')]",2023-04-25 17:30:00,2D,PH,day,2.0564004037901293,,,0.087591797806406,,,3.151005446826195,,18.35395833333333,17.555625000000003,,
186,"[Timestamp('2023-04-25 18:00:00'), Timestamp('2023-04-25 19:00:00')]",2023-04-25 18:30:00,2D,PH,day,1.9786253603169783,,,0.10176274018378301,,,3.5572088401077506,,18.359166666666667,17.552458333333334,,
187,"[Timestamp('2023-04-25 19:00:00'), Timestamp('2023-04-25 20:00:00')]",2023-04-25 19:30:00,2D,PH,night,,,,,,,,,18.342750000000002,17.516708333333334,,
188,"[Timestamp('2023-04-25 20:00:00'), Timestamp('2023-04-25 21:00:00')]",2023-04-25 20:30:00,2D,PH,night,2.050997455440764,,,0.09899937460912954,,,4.826415569352666,,18.281291666666668,17.470166666666668,,
189,"[Timestamp('2023-04-25 21:00:00'), Timestamp('2023-04-25 22:00:00')]",2023-04-25 21:30:00,2D,PH,night,,,,,,,,,18.200083333333335,17.41529166666667,,
190,"[Timestamp('2023-04-25 22:00:00'), Timestamp('2023-04-25 23:00:00')]",2023-04-25 22:30:00,2D,PH,night,1.7327599577236876,,,0.1008092243186577,,,3.017945562210171,,18.186,17.389619047619046,,
191,"[Timestamp('2023-04-25 23:00:00'), Timestamp('2023-04-26 00:00:00')]",2023-04-25 23:30:00,2D,,night,,,,,,,,,18.105333333333334,17.366000000000003,,
192,"[Timestamp('2023-04-24 00:00:00'), Timestamp('2023-04-24 01:00:00')]",2023-04-24 00:30:00,2E,CK,night,,,,,,,,,27.401066666666665,27.008333333333336,,
193,"[Timestamp('2023-04-24 01:00:00'), Timestamp('2023-04-24 02:00:00')]",2023-04-24 01:30:00,2E,CK,night,,,,,,,,,27.39404761904762,26.999428571428567,,
194,"[Timestamp('2023-04-24 02:00:00'), Timestamp('2023-04-24 03:00:00')]",2023-04-24 02:30:00,2E,CK,night,,,,,,,,,27.351458333333333,26.986749999999997,,
195,"[Timestamp('2023-04-24 03:00:00'), Timestamp('2023-04-24 04:00:00')]",2023-04-24 03:30:00,2E,CK,night,,,,,,,,,27.269541666666665,26.960791666666662,,
196,"[Timestamp('2023-04-24 04:00:00'), Timestamp('2023-04-24 05:00:00')]",2023-04-24 04:30:00,2E,CK,night,,,,,,,,,27.19775,26.953041666666664,,
197,"[Timestamp('2023-04-24 05:00:00'), Timestamp('2023-04-24 06:00:00')]",2023-04-24 05:30:00,2E,CK,night,,,,,,,,,27.148874999999997,26.958791666666663,,
198,"[Timestamp('2023-04-24 06:00:00'), Timestamp('2023-04-24 07:00:00')]",2023-04-24 06:30:00,2E,CK,day,,,,,,,,,27.115125,26.97175,,
199,"[Timestamp('2023-04-24 07:00:00'), Timestamp('2023-04-24 08:00:00')]",2023-04-24 07:30:00,2E,CK,day,,,,,,,,,27.10225,26.997583333333335,,
200,"[Timestamp('2023-04-24 08:00:00'), Timestamp('2023-04-24 09:00:00')]",2023-04-24 08:30:00,2E,CK,day,,,,,,,,,27.097583333333333,27.000791666666668,,
201,"[Timestamp('2023-04-24 09:00:00'), Timestamp('2023-04-24 10:00:00')]",2023-04-24 09:30:00,2E,CK,day,,,,,,,,,27.103708333333334,27.017166666666665,,
202,"[Timestamp('2023-04-24 10:00:00'), Timestamp('2023-04-24 11:00:00')]",2023-04-24 10:30:00,2E,CK,day,,,,,,,,,27.119958333333333,27.018416666666667,,
203,"[Timestamp('2023-04-24 11:00:00'), Timestamp('2023-04-24 12:00:00')]",2023-04-24 11:30:00,2E,CK,day,,,,,,,,,27.10529166666667,26.98570833333333,,
204,"[Timestamp('2023-04-24 12:00:00'), Timestamp('2023-04-24 13:00:00')]",2023-04-24 12:30:00,2E,CK,day,,,,,,,,,27.073166666666665,26.960833333333333,,
205,"[Timestamp('2023-04-24 13:00:00'), Timestamp('2023-04-24 14:00:00')]",2023-04-24 13:30:00,2E,CK,day,,,,,,,,,26.99916666666667,26.863416666666662,,
206,"[Timestamp('2023-04-24 14:00:00'), Timestamp('2023-04-24 15:00:00')]",2023-04-24 14:30:00,2E,CK,day,,,,,,,,,26.758041666666667,26.56541666666667,,
207,"[Timestamp('2023-04-24 15:00:00'), Timestamp('2023-04-24 16:00:00')]",2023-04-24 15:30:00,2E,CK,day,,,,,,,,,25.281583333333334,24.994999999999997,,
208,"[Timestamp('2023-04-24 16:00:00'), Timestamp('2023-04-24 17:00:00')]",2023-04-24 16:30:00,2E,CK,day,,,,,,,,,23.327333333333332,22.930625000000003,,
209,"[Timestamp('2023-04-24 17:00:00'), Timestamp('2023-04-24 18:00:00')]",2023-04-24 17:30:00,2E,CK,day,,,,,,,,,21.233416666666667,20.72033333333333,,
210,"[Timestamp('2023-04-24 18:00:00'), Timestamp('2023-04-24 19:00:00')]",2023-04-24 18:30:00,2E,CK,day,,,,,,,,,19.201999999999998,18.603166666666667,,
211,"[Timestamp('2023-04-24 19:00:00'), Timestamp('2023-04-24 20:00:00')]",2023-04-24 19:30:00,2E,CK,night,,,,,,,,,18.371750000000002,17.715958333333333,,
212,"[Timestamp('2023-04-24 20:00:00'), Timestamp('2023-04-24 21:00:00')]",2023-04-24 20:30:00,2E,CK,night,,,,,,,,,17.97283333333333,17.28241666666667,,
213,"[Timestamp('2023-04-24 21:00:00'), Timestamp('2023-04-24 22:00:00')]",2023-04-24 21:30:00,2E,CK,night,,,,,,,,,17.7195,17.003708333333332,,
214,"[Timestamp('2023-04-24 22:00:00'), Timestamp('2023-04-24 23:00:00')]",2023-04-24 22:30:00,2E,CK,night,,,,,,,,,17.532375,16.806833333333334,,
215,"[Timestamp('2023-04-24 23:00:00'), Timestamp('2023-04-25 00:00:00')]",2023-04-24 23:30:00,2E,CK,night,,,,,,,,,17.395458333333334,16.673,,
216,"[Timestamp('2023-04-25 00:00:00'), Timestamp('2023-04-25 01:00:00')]",2023-04-25 00:30:00,2E,CK,night,,,,,,,,,17.297583333333332,16.564500000000002,,
217,"[Timestamp('2023-04-25 01:00:00'), Timestamp('2023-04-25 02:00:00')]",2023-04-25 01:30:00,2E,CK,night,,,,,,,,,17.207958333333334,16.478166666666667,,
218,"[Timestamp('2023-04-25 02:00:00'), Timestamp('2023-04-25 03:00:00')]",2023-04-25 02:30:00,2E,CK,night,,,,,,,,,17.132541666666665,16.416833333333333,,
219,"[Timestamp('2023-04-25 03:00:00'), Timestamp('2023-04-25 04:00:00')]",2023-04-25 03:30:00,2E,CK,night,,,,,,,,,17.080875,16.379749999999998,,
220,"[Timestamp('2023-04-25 04:00:00'), Timestamp('2023-04-25 05:00:00')]",2023-04-25 04:30:00,2E,CK,night,,,,,,,,,17.065208333333334,16.411875,,
221,"[Timestamp('2023-04-25 05:00:00'), Timestamp('2023-04-25 06:00:00')]",2023-04-25 05:30:00,2E,CK,night,,,,,,,,,17.123750000000005,16.536333333333335,,
222,"[Timestamp('2023-04-25 06:00:00'), Timestamp('2023-04-25 07:00:00')]",2023-04-25 06:30:00,2E,CK,day,,,,,,,,,17.21216666666667,16.68691666666667,,
223,"[Timestamp('2023-04-25 07:00:00'), Timestamp('2023-04-25 08:00:00')]",2023-04-25 07:30:00,2E,CK,day,,,,,,,,,17.272833333333335,16.803833333333333,,
224,"[Timestamp('2023-04-25 08:00:00'), Timestamp('2023-04-25 09:00:00')]",2023-04-25 08:30:00,2E,CK,day,,,,,,,,,17.304208333333335,16.861666666666668,,
225,"[Timestamp('2023-04-25 09:00:00'), Timestamp('2023-04-25 10:00:00')]",2023-04-25 09:30:00,2E,CK,day,,,,,,,,,17.259541666666667,16.807041666666667,,
226,"[Timestamp('2023-04-25 10:00:00'), Timestamp('2023-04-25 11:00:00')]",2023-04-25 10:30:00,2E,CK,day,,,,,,,,,17.175333333333334,16.697875,,
227,"[Timestamp('2023-04-25 11:00:00'), Timestamp('2023-04-25 12:00:00')]",2023-04-25 11:30:00,2E,CK,day,2.2032789275277596,,,0.0736264775413677,,,6.002497429009585,,17.06833333333333,16.559416666666667,,
228,"[Timestamp('2023-04-25 12:00:00'), Timestamp('2023-04-25 13:00:00')]",2023-04-25 12:30:00,2E,CK,day,2.1239637353220977,,,0.07024461028193388,,,5.084185843987653,,16.97204166666667,16.416166666666665,,
229,"[Timestamp('2023-04-25 13:00:00'), Timestamp('2023-04-25 14:00:00')]",2023-04-25 13:30:00,2E,CK,day,,,,,,,,,16.900458333333333,16.298625,,
230,"[Timestamp('2023-04-25 14:00:00'), Timestamp('2023-04-25 15:00:00')]",2023-04-25 14:30:00,2E,CK,day,2.327693333385751,,,0.06996527777778372,,,5.202135946338783,,16.856625,16.217916666666667,,
231,"[Timestamp('2023-04-25 15:00:00'), Timestamp('2023-04-25 16:00:00')]",2023-04-25 15:30:00,2E,CK,day,,,,,,,,,16.85725,16.201041666666665,,
232,"[Timestamp('2023-04-25 16:00:00'), Timestamp('2023-04-25 17:00:00')]",2023-04-25 16:30:00,2E,CK,day,,,,,,,,,16.870791666666666,16.226208333333332,,
233,"[Timestamp('2023-04-25 17:00:00'), Timestamp('2023-04-25 18:00:00')]",2023-04-25 17:30:00,2E,CK,day,2.292369610122227,,,0.06807226399330185,,,4.403043630548994,,16.878249999999998,16.253,,
234,"[Timestamp('2023-04-25 18:00:00'), Timestamp('2023-04-25 19:00:00')]",2023-04-25 18:30:00,2E,CK,day,,,,,,,,,16.873958333333334,16.260375,,
235,"[Timestamp('2023-04-25 19:00:00'), Timestamp('2023-04-25 20:00:00')]",2023-04-25 19:30:00,2E,CK,night,2.1920554214775363,,,0.06397342995169755,,,4.224450279859352,,16.847916666666666,16.226333333333333,,
236,"[Timestamp('2023-04-25 20:00:00'), Timestamp('2023-04-25 21:00:00')]",2023-04-25 20:30:00,2E,CK,night,,,,,,,,,16.78625,16.151208333333333,,
237,"[Timestamp('2023-04-25 21:00:00'), Timestamp('2023-04-25 22:00:00')]",2023-04-25 21:30:00,2E,CK,night,2.395853359911581,,,0.07642346208870603,,,3.4036608048274912,,16.706916666666668,16.062583333333333,,
238,"[Timestamp('2023-04-25 22:00:00'), Timestamp('2023-04-25 23:00:00')]",2023-04-25 22:30:00,2E,CK,night,,,,,,,,,16.67295238095238,16.001523809523807,,
239,"[Timestamp('2023-04-25 23:00:00'), Timestamp('2023-04-26 00:00:00')]",2023-04-25 23:30:00,2E,,night,,,,,,,,,16.61013333333333,15.953066666666667,,
240,"[Timestamp('2023-04-24 00:00:00'), Timestamp('2023-04-24 01:00:00')]",2023-04-24 00:30:00,4A,PH,night,,,,,,,,,28.421800000000005,26.497133333333334,,
241,"[Timestamp('2023-04-24 01:00:00'), Timestamp('2023-04-24 02:00:00')]",2023-04-24 01:30:00,4A,PH,night,,,,,,,,,28.391761904761907,26.470714285714287,,
242,"[Timestamp('2023-04-24 02:00:00'), Timestamp('2023-04-24 03:00:00')]",2023-04-24 02:30:00,4A,PH,night,,,,,,,,,28.341124999999998,26.433041666666668,,
243,"[Timestamp('2023-04-24 03:00:00'), Timestamp('2023-04-24 04:00:00')]",2023-04-24 03:30:00,4A,PH,night,,,,,,,,,28.278875000000003,26.374333333333333,,
244,"[Timestamp('2023-04-24 04:00:00'), Timestamp('2023-04-24 05:00:00')]",2023-04-24 04:30:00,4A,PH,night,,,,,,,,,28.21758333333333,26.313666666666666,,
245,"[Timestamp('2023-04-24 05:00:00'), Timestamp('2023-04-24 06:00:00')]",2023-04-24 05:30:00,4A,PH,night,,,,,,,,,28.212458333333334,26.267625,,
246,"[Timestamp('2023-04-24 06:00:00'), Timestamp('2023-04-24 07:00:00')]",2023-04-24 06:30:00,4A,PH,day,,,,,,,,,28.221875,26.224791666666665,,
247,"[Timestamp('2023-04-24 07:00:00'), Timestamp('2023-04-24 08:00:00')]",2023-04-24 07:30:00,4A,PH,day,,,,,,,,,28.199041666666666,26.19783333333333,,
248,"[Timestamp('2023-04-24 08:00:00'), Timestamp('2023-04-24 09:00:00')]",2023-04-24 08:30:00,4A,PH,day,,,,,,,,,28.163541666666667,26.179250000000003,,
249,"[Timestamp('2023-04-24 09:00:00'), Timestamp('2023-04-24 10:00:00')]",2023-04-24 09:30:00,4A,PH,day,,,,,,,,,28.105791666666665,26.16420833333333,,
250,"[Timestamp('2023-04-24 10:00:00'), Timestamp('2023-04-24 11:00:00')]",2023-04-24 10:30:00,4A,PH,day,,,,,,,,,28.044958333333337,26.157916666666665,,
251,"[Timestamp('2023-04-24 11:00:00'), Timestamp('2023-04-24 12:00:00')]",2023-04-24 11:30:00,4A,PH,day,,,,,,,,,27.995583333333336,26.146125,,
252,"[Timestamp('2023-04-24 12:00:00'), Timestamp('2023-04-24 13:00:00')]",2023-04-24 12:30:00,4A,PH,day,,,,,,,,,27.963250000000002,26.133541666666666,,
253,"[Timestamp('2023-04-24 13:00:00'), Timestamp('2023-04-24 14:00:00')]",2023-04-24 13:30:00,4A,PH,day,,,,,,,,,27.952083333333334,26.110750000000003,,
254,"[Timestamp('2023-04-24 14:00:00'), Timestamp('2023-04-24 15:00:00')]",2023-04-24 14:30:00,4A,PH,day,,,,,,,,,27.822499999999998,25.738208333333333,,
255,"[Timestamp('2023-04-24 15:00:00'), Timestamp('2023-04-24 16:00:00')]",2023-04-24 15:30:00,4A,PH,day,,,,,,,,,26.656541666666666,23.95854166666667,,
256,"[Timestamp('2023-04-24 16:00:00'), Timestamp('2023-04-24 17:00:00')]",2023-04-24 16:30:00,4A,PH,day,2.075114461536119,,,0.11025919228446503,,,12.153830420430081,,24.918083333333335,21.865166666666667,,
257,"[Timestamp('2023-04-24 17:00:00'), Timestamp('2023-04-24 18:00:00')]",2023-04-24 17:30:00,4A,PH,day,,,,,,,,,22.955875,19.641833333333334,,
258,"[Timestamp('2023-04-24 18:00:00'), Timestamp('2023-04-24 19:00:00')]",2023-04-24 18:30:00,4A,PH,day,,,,,,,,,20.965708333333335,17.688541666666666,,
259,"[Timestamp('2023-04-24 19:00:00'), Timestamp('2023-04-24 20:00:00')]",2023-04-24 19:30:00,4A,PH,night,2.0913426300480253,,,0.09077872744538597,,,3.795121650052134,,19.939625,17.093708333333332,,
260,"[Timestamp('2023-04-24 20:00:00'), Timestamp('2023-04-24 21:00:00')]",2023-04-24 20:30:00,4A,PH,night,1.2408663098930688,,,0.06110708534622023,,,3.160628675728924,,19.4085,16.770500000000002,,
261,"[Timestamp('2023-04-24 21:00:00'), Timestamp('2023-04-24 22:00:00')]",2023-04-24 21:30:00,4A,PH,night,,,,,,,,,19.071875,16.553708333333333,,
262,"[Timestamp('2023-04-24 22:00:00'), Timestamp('2023-04-24 23:00:00')]",2023-04-24 22:30:00,4A,PH,night,,,,,,,,,18.842458333333337,16.383916666666668,,
263,"[Timestamp('2023-04-24 23:00:00'), Timestamp('2023-04-25 00:00:00')]",2023-04-24 23:30:00,4A,PH,night,1.6743757809588016,,,0.1254385964912313,,,2.958183546993374,,18.666791666666665,16.249708333333334,,
264,"[Timestamp('2023-04-25 00:00:00'), Timestamp('2023-04-25 01:00:00')]",2023-04-25 00:30:00,4A,PH,night,1.7170342923785322,,,0.09691691691691166,,,4.534028207009331,,18.531125,16.133791666666664,,
265,"[Timestamp('2023-04-25 01:00:00'), Timestamp('2023-04-25 02:00:00')]",2023-04-25 01:30:00,4A,PH,night,,,,,,,,,18.416541666666664,16.031541666666666,,
266,"[Timestamp('2023-04-25 02:00:00'), Timestamp('2023-04-25 03:00:00')]",2023-04-25 02:30:00,4A,PH,night,1.5399091807767864,,,0.08984848484848378,,,2.7718920867830885,,18.307541666666665,15.940666666666667,,
267,"[Timestamp('2023-04-25 03:00:00'), Timestamp('2023-04-25 04:00:00')]",2023-04-25 03:30:00,4A,PH,night,,,,,,,,,18.199499999999997,15.852083333333333,,
268,"[Timestamp('2023-04-25 04:00:00'), Timestamp('2023-04-25 05:00:00')]",2023-04-25 04:30:00,4A,PH,night,,,,,,,,,18.12675,15.780708333333333,,
269,"[Timestamp('2023-04-25 05:00:00'), Timestamp('2023-04-25 06:00:00')]",2023-04-25 05:30:00,4A,PH,night,1.744249046912363,,,0.11873185819655964,,,5.197773052946592,,18.055041666666668,15.697375,,
270,"[Timestamp('2023-04-25 06:00:00'), Timestamp('2023-04-25 07:00:00')]",2023-04-25 06:30:00,4A,PH,day,1.5452821937604289,,,0.08913878562576906,,,3.8522187539396926,,17.989708333333336,15.624833333333333,,
271,"[Timestamp('2023-04-25 07:00:00'), Timestamp('2023-04-25 08:00:00')]",2023-04-25 07:30:00,4A,PH,day,,,,,,,,,17.947499999999998,15.556458333333332,,
272,"[Timestamp('2023-04-25 08:00:00'), Timestamp('2023-04-25 09:00:00')]",2023-04-25 08:30:00,4A,PH,day,1.9706294054760845,,,0.10083788706738944,,,6.673324885127702,,17.8995,15.501583333333334,,
273,"[Timestamp('2023-04-25 09:00:00'), Timestamp('2023-04-25 10:00:00')]",2023-04-25 09:30:00,4A,PH,day,,,,,,,,,17.877833333333335,15.477041666666667,,
274,"[Timestamp('2023-04-25 10:00:00'), Timestamp('2023-04-25 11:00:00')]",2023-04-25 10:30:00,4A,PH,day,1.9182047923875567,,,0.09457136912193385,,,7.182325057470377,,17.873041666666666,15.455124999999999,,
275,"[Timestamp('2023-04-25 11:00:00'), Timestamp('2023-04-25 12:00:00')]",2023-04-25 11:30:00,4A,PH,day,,,,,,,,,17.865291666666668,15.447,,
276,"[Timestamp('2023-04-25 12:00:00'), Timestamp('2023-04-25 13:00:00')]",2023-04-25 12:30:00,4A,PH,day,,,,,,,,,17.857416666666666,15.431291666666665,,
277,"[Timestamp('2023-04-25 13:00:00'), Timestamp('2023-04-25 14:00:00')]",2023-04-25 13:30:00,4A,PH,day,1.947451284519079,,,0.09397759103640975,,,7.608869483218668,,17.848875,15.418624999999999,,
278,"[Timestamp('2023-04-25 14:00:00'), Timestamp('2023-04-25 15:00:00')]",2023-04-25 14:30:00,4A,PH,day,1.928238396444166,,,0.10032163742689562,,,8.036948722797488,,17.853,15.423291666666666,,
279,"[Timestamp('2023-04-25 15:00:00'), Timestamp('2023-04-25 16:00:00')]",2023-04-25 15:30:00,4A,PH,day,,,,,,,,,17.864583333333332,15.432833333333333,,
280,"[Timestamp('2023-04-25 16:00:00'), Timestamp('2023-04-25 17:00:00')]",2023-04-25 16:30:00,4A,PH,day,,,,,,,,,17.88358333333333,15.456458333333334,,
281,"[Timestamp('2023-04-25 17:00:00'), Timestamp('2023-04-25 18:00:00')]",2023-04-25 17:30:00,4A,PH,day,1.9702143901455231,,,0.09926691729322114,,,7.6680836087415765,,17.888541666666665,15.4685,,
282,"[Timestamp('2023-04-25 18:00:00'), Timestamp('2023-04-25 19:00:00')]",2023-04-25 18:30:00,4A,PH,day,2.0767750865961387,,,0.1076459510357871,,,5.490217914045312,,17.865541666666665,15.461500000000001,,
283,"[Timestamp('2023-04-25 19:00:00'), Timestamp('2023-04-25 20:00:00')]",2023-04-25 19:30:00,4A,PH,night,,,,,,,,,17.826,15.437041666666667,,
284,"[Timestamp('2023-04-25 20:00:00'), Timestamp('2023-04-25 21:00:00')]",2023-04-25 20:30:00,4A,PH,night,2.0144976048168846,,,0.09626205450733452,,,4.053955010846683,,17.75725,15.387916666666666,,
285,"[Timestamp('2023-04-25 21:00:00'), Timestamp('2023-04-25 22:00:00')]",2023-04-25 21:30:00,4A,PH,night,,,,,,,,,17.675125,15.333791666666665,,
286,"[Timestamp('2023-04-25 22:00:00'), Timestamp('2023-04-25 23:00:00')]",2023-04-25 22:30:00,4A,PH,night,,,,,,,,,17.66538095238095,15.29490476190476,,
287,"[Timestamp('2023-04-25 23:00:00'), Timestamp('2023-04-26 00:00:00')]",2023-04-25 23:30:00,4A,,night,,,,,,,,,17.601800000000004,15.268066666666668,,
288,"[Timestamp('2023-04-24 00:00:00'), Timestamp('2023-04-24 01:00:00')]",2023-04-24 00:30:00,4B,PL,night,,,,,,,,,28.250399999999996,27.886800000000004,,
289,"[Timestamp('2023-04-24 01:00:00'), Timestamp('2023-04-24 02:00:00')]",2023-04-24 01:30:00,4B,PL,night,,,,,,,,,28.23819047619048,27.85990476190476,,
290,"[Timestamp('2023-04-24 02:00:00'), Timestamp('2023-04-24 03:00:00')]",2023-04-24 02:30:00,4B,PL,night,,,,,,,,,28.24416666666667,27.823,,
291,"[Timestamp('2023-04-24 03:00:00'), Timestamp('2023-04-24 04:00:00')]",2023-04-24 03:30:00,4B,PL,night,,,,,,,,,28.28529166666667,27.739458333333335,,
292,"[Timestamp('2023-04-24 04:00:00'), Timestamp('2023-04-24 05:00:00')]",2023-04-24 04:30:00,4B,PL,night,,,,,,,,,28.38425,27.689541666666667,,
293,"[Timestamp('2023-04-24 05:00:00'), Timestamp('2023-04-24 06:00:00')]",2023-04-24 05:30:00,4B,PL,night,,,,,,,,,28.522791666666667,27.672541666666667,,
294,"[Timestamp('2023-04-24 06:00:00'), Timestamp('2023-04-24 07:00:00')]",2023-04-24 06:30:00,4B,PL,day,,,,,,,,,28.639875,27.65608333333333,,
295,"[Timestamp('2023-04-24 07:00:00'), Timestamp('2023-04-24 08:00:00')]",2023-04-24 07:30:00,4B,PL,day,,,,,,,,,28.72716666666667,27.659625,,
296,"[Timestamp('2023-04-24 08:00:00'), Timestamp('2023-04-24 09:00:00')]",2023-04-24 08:30:00,4B,PL,day,,,,,,,,,28.737041666666666,27.645624999999995,,
297,"[Timestamp('2023-04-24 09:00:00'), Timestamp('2023-04-24 10:00:00')]",2023-04-24 09:30:00,4B,PL,day,,,,,,,,,28.771958333333334,27.647041666666667,,
298,"[Timestamp('2023-04-24 10:00:00'), Timestamp('2023-04-24 11:00:00')]",2023-04-24 10:30:00,4B,PL,day,,,,,,,,,28.813875,27.67545833333333,,
299,"[Timestamp('2023-04-24 11:00:00'), Timestamp('2023-04-24 12:00:00')]",2023-04-24 11:30:00,4B,PL,day,,,,,,,,,28.862875,27.718833333333336,,
300,"[Timestamp('2023-04-24 12:00:00'), Timestamp('2023-04-24 13:00:00')]",2023-04-24 12:30:00,4B,PL,day,,,,,,,,,28.892125000000004,27.744666666666667,,
301,"[Timestamp('2023-04-24 13:00:00'), Timestamp('2023-04-24 14:00:00')]",2023-04-24 13:30:00,4B,PL,day,,,,,,,,,28.884625000000003,27.74291666666667,,
302,"[Timestamp('2023-04-24 14:00:00'), Timestamp('2023-04-24 15:00:00')]",2023-04-24 14:30:00,4B,PL,day,,,,,,,,,28.801708333333334,27.60533333333333,,
303,"[Timestamp('2023-04-24 15:00:00'), Timestamp('2023-04-24 16:00:00')]",2023-04-24 15:30:00,4B,PL,day,,,,,,,,,28.072458333333334,26.637083333333337,,
304,"[Timestamp('2023-04-24 16:00:00'), Timestamp('2023-04-24 17:00:00')]",2023-04-24 16:30:00,4B,PL,day,,,,,,,,,26.838874999999998,25.201041666666665,,
305,"[Timestamp('2023-04-24 17:00:00'), Timestamp('2023-04-24 18:00:00')]",2023-04-24 17:30:00,4B,PL,day,2.1279994590036813,,,0.09354137115839634,,,12.612839357573641,,25.202916666666667,23.485,,
306,"[Timestamp('2023-04-24 18:00:00'), Timestamp('2023-04-24 19:00:00')]",2023-04-24 18:30:00,4B,PL,day,2.0089188510359977,,,0.09370772946859772,,,11.777546484538234,,23.170875000000002,21.631208333333333,,
307,"[Timestamp('2023-04-24 19:00:00'), Timestamp('2023-04-24 20:00:00')]",2023-04-24 19:30:00,4B,PL,night,,,,,,,,,21.513666666666666,20.427083333333332,,
308,"[Timestamp('2023-04-24 20:00:00'), Timestamp('2023-04-24 21:00:00')]",2023-04-24 20:30:00,4B,PL,night,1.7800972462482847,,,0.08800482218201258,,,6.923675914290345,,20.2365,19.580208333333335,,
309,"[Timestamp('2023-04-24 21:00:00'), Timestamp('2023-04-24 22:00:00')]",2023-04-24 21:30:00,4B,PL,night,,,,,,,,,19.280166666666666,18.969791666666666,,
310,"[Timestamp('2023-04-24 22:00:00'), Timestamp('2023-04-24 23:00:00')]",2023-04-24 22:30:00,4B,PL,night,1.8639840708835453,,,0.09138690476189819,,,5.379897807410321,,18.733625,18.57933333333333,,
311,"[Timestamp('2023-04-24 23:00:00'), Timestamp('2023-04-25 00:00:00')]",2023-04-24 23:30:00,4B,PL,night,,,,,,,,,18.403791666666667,18.329958333333334,,
312,"[Timestamp('2023-04-25 00:00:00'), Timestamp('2023-04-25 01:00:00')]",2023-04-25 00:30:00,4B,PL,night,2.081183109242267,,,0.09272232304900893,,,5.340521991546683,,18.174208333333333,18.164125,,
313,"[Timestamp('2023-04-25 01:00:00'), Timestamp('2023-04-25 02:00:00')]",2023-04-25 01:30:00,4B,PL,night,,,,,,,,,18.031583333333334,18.046791666666664,,
314,"[Timestamp('2023-04-25 02:00:00'), Timestamp('2023-04-25 03:00:00')]",2023-04-25 02:30:00,4B,PL,night,,,,,,,,,18.049333333333333,17.986875,,
315,"[Timestamp('2023-04-25 03:00:00'), Timestamp('2023-04-25 04:00:00')]",2023-04-25 03:30:00,4B,PL,night,1.9472927538099607,,,0.09557171717173414,,,6.641654834321641,,18.181916666666666,17.99425,,
316,"[Timestamp('2023-04-25 04:00:00'), Timestamp('2023-04-25 05:00:00')]",2023-04-25 04:30:00,4B,PL,night,1.8355408054568312,,,0.0904707070707079,,,8.892591822762288,,18.387541666666667,18.06583333333333,,
317,"[Timestamp('2023-04-25 05:00:00'), Timestamp('2023-04-25 06:00:00')]",2023-04-25 05:30:00,4B,PL,night,,,,,,,,,18.713125,18.184041666666666,,
318,"[Timestamp('2023-04-25 06:00:00'), Timestamp('2023-04-25 07:00:00')]",2023-04-25 06:30:00,4B,PL,day,,,,,,,,,18.967916666666664,18.262,,
319,"[Timestamp('2023-04-25 07:00:00'), Timestamp('2023-04-25 08:00:00')]",2023-04-25 07:30:00,4B,PL,day,1.9888225294044561,,,0.0925691862866587,,,9.768669055471953,,19.23504166666667,18.342958333333332,,
320,"[Timestamp('2023-04-25 08:00:00'), Timestamp('2023-04-25 09:00:00')]",2023-04-25 08:30:00,4B,PL,day,2.014552641708007,,,0.08719517270078901,,,11.370074500311137,,19.606499999999997,18.454666666666665,,
321,"[Timestamp('2023-04-25 09:00:00'), Timestamp('2023-04-25 10:00:00')]",2023-04-25 09:30:00,4B,PL,day,,,,,,,,,19.89975,18.566,,
322,"[Timestamp('2023-04-25 10:00:00'), Timestamp('2023-04-25 11:00:00')]",2023-04-25 10:30:00,4B,PL,day,,,,,,,,,20.176083333333334,18.701124999999998,,
323,"[Timestamp('2023-04-25 11:00:00'), Timestamp('2023-04-25 12:00:00')]",2023-04-25 11:30:00,4B,PL,day,2.091955061449776,,,0.08394799054373994,,,12.099982510460595,,20.186250000000005,18.695041666666665,,
324,"[Timestamp('2023-04-25 12:00:00'), Timestamp('2023-04-25 13:00:00')]",2023-04-25 12:30:00,4B,PL,day,2.056009010465771,,,0.08977611940299214,,,11.326180989737779,,20.081333333333337,18.668666666666663,,
325,"[Timestamp('2023-04-25 13:00:00'), Timestamp('2023-04-25 14:00:00')]",2023-04-25 13:30:00,4B,PL,day,,,,,,,,,20.02991666666667,18.666833333333333,,
326,"[Timestamp('2023-04-25 14:00:00'), Timestamp('2023-04-25 15:00:00')]",2023-04-25 14:30:00,4B,PL,day,2.0247162340627995,,,0.08559027777777302,,,12.932034076861889,,19.966541666666668,18.63583333333333,,
327,"[Timestamp('2023-04-25 15:00:00'), Timestamp('2023-04-25 16:00:00')]",2023-04-25 15:30:00,4B,PL,day,,,,,,,,,20.02945833333333,18.689166666666665,,
328,"[Timestamp('2023-04-25 16:00:00'), Timestamp('2023-04-25 17:00:00')]",2023-04-25 16:30:00,4B,PL,day,2.1048491445237687,,,0.08376531671858171,,,12.206670738645764,,20.038541666666667,18.680708333333328,,
329,"[Timestamp('2023-04-25 17:00:00'), Timestamp('2023-04-25 18:00:00')]",2023-04-25 17:30:00,4B,PL,day,,,,,,,,,19.923166666666663,18.602458333333335,,
330,"[Timestamp('2023-04-25 18:00:00'), Timestamp('2023-04-25 19:00:00')]",2023-04-25 18:30:00,4B,PL,day,2.1414005907686433,,,0.08346491228069242,,,10.93817177137915,,19.681291666666667,18.483999999999998,,
331,"[Timestamp('2023-04-25 19:00:00'), Timestamp('2023-04-25 20:00:00')]",2023-04-25 19:30:00,4B,PL,night,,,,,,,,,19.240333333333336,18.236791666666665,,
332,"[Timestamp('2023-04-25 20:00:00'), Timestamp('2023-04-25 21:00:00')]",2023-04-25 20:30:00,4B,PL,night,,,,,,,,,18.650291666666664,17.905375000000003,,
333,"[Timestamp('2023-04-25 21:00:00'), Timestamp('2023-04-25 22:00:00')]",2023-04-25 21:30:00,4B,PL,night,1.9728247346876222,,,0.09448757445059652,,,4.44947306710953,,18.015833333333333,17.545875000000002,,
334,"[Timestamp('2023-04-25 22:00:00'), Timestamp('2023-04-25 23:00:00')]",2023-04-25 22:30:00,4B,PL,night,1.7924333513924227,,,0.07633605356769325,,,3.891135543883506,,17.563714285714287,17.293619047619046,,
335,"[Timestamp('2023-04-25 23:00:00'), Timestamp('2023-04-26 00:00:00')]",2023-04-25 23:30:00,4B,,night,,,,,,,,,17.296466666666667,17.13586666666667,,
336,"[Timestamp('2023-04-24 00:00:00'), Timestamp('2023-04-24 01:00:00')]",2023-04-24 00:30:00,4C,CK,night,,,,,,,,,28.485466666666664,28.2714,,
337,"[Timestamp('2023-04-24 01:00:00'), Timestamp('2023-04-24 02:00:00')]",2023-04-24 01:30:00,4C,CK,night,,,,,,,,,28.396666666666665,28.185000000000002,,
338,"[Timestamp('2023-04-24 02:00:00'), Timestamp('2023-04-24 03:00:00')]",2023-04-24 02:30:00,4C,CK,night,,,,,,,,,28.386791666666667,28.114541666666664,,
339,"[Timestamp('2023-04-24 03:00:00'), Timestamp('2023-04-24 04:00:00')]",2023-04-24 03:30:00,4C,CK,night,,,,,,,,,28.391250000000003,27.98279166666667,,
340,"[Timestamp('2023-04-24 04:00:00'), Timestamp('2023-04-24 05:00:00')]",2023-04-24 04:30:00,4C,CK,night,,,,,,,,,28.426874999999995,27.877916666666668,,
341,"[Timestamp('2023-04-24 05:00:00'), Timestamp('2023-04-24 06:00:00')]",2023-04-24 05:30:00,4C,CK,night,,,,,,,,,28.522333333333336,27.8445,,
342,"[Timestamp('2023-04-24 06:00:00'), Timestamp('2023-04-24 07:00:00')]",2023-04-24 06:30:00,4C,CK,day,,,,,,,,,28.516624999999998,27.801416666666668,,
343,"[Timestamp('2023-04-24 07:00:00'), Timestamp('2023-04-24 08:00:00')]",2023-04-24 07:30:00,4C,CK,day,,,,,,,,,28.432666666666666,27.758666666666667,,
344,"[Timestamp('2023-04-24 08:00:00'), Timestamp('2023-04-24 09:00:00')]",2023-04-24 08:30:00,4C,CK,day,,,,,,,,,28.36233333333333,27.738208333333333,,
345,"[Timestamp('2023-04-24 09:00:00'), Timestamp('2023-04-24 10:00:00')]",2023-04-24 09:30:00,4C,CK,day,,,,,,,,,28.357833333333335,27.738208333333333,,
346,"[Timestamp('2023-04-24 10:00:00'), Timestamp('2023-04-24 11:00:00')]",2023-04-24 10:30:00,4C,CK,day,,,,,,,,,28.349333333333334,27.740333333333336,,
347,"[Timestamp('2023-04-24 11:00:00'), Timestamp('2023-04-24 12:00:00')]",2023-04-24 11:30:00,4C,CK,day,,,,,,,,,28.44239436619718,27.74566666666667,,
348,"[Timestamp('2023-04-24 12:00:00'), Timestamp('2023-04-24 13:00:00')]",2023-04-24 12:30:00,4C,CK,day,,,,,,,,,28.46319248826291,27.739375000000003,,
349,"[Timestamp('2023-04-24 13:00:00'), Timestamp('2023-04-24 14:00:00')]",2023-04-24 13:30:00,4C,CK,day,,,,,,,,,28.401502347417843,27.698208333333334,,
350,"[Timestamp('2023-04-24 14:00:00'), Timestamp('2023-04-24 15:00:00')]",2023-04-24 14:30:00,4C,CK,day,,,,,,,,,28.293051643192488,27.598458333333333,,
351,"[Timestamp('2023-04-24 15:00:00'), Timestamp('2023-04-24 16:00:00')]",2023-04-24 15:30:00,4C,CK,day,,,,,,,,,27.617416666666667,26.76925,,
352,"[Timestamp('2023-04-24 16:00:00'), Timestamp('2023-04-24 17:00:00')]",2023-04-24 16:30:00,4C,CK,day,1.8658268396867628,,,0.09532727272730263,,,10.015158279651098,,26.309083333333334,25.356125,,
353,"[Timestamp('2023-04-24 17:00:00'), Timestamp('2023-04-24 18:00:00')]",2023-04-24 17:30:00,4C,CK,day,,,,,,,,,24.62979166666667,23.687666666666665,,
354,"[Timestamp('2023-04-24 18:00:00'), Timestamp('2023-04-24 19:00:00')]",2023-04-24 18:30:00,4C,CK,day,1.6363512912011118,,,0.09472123368921352,,,6.475984074614338,,22.821666666666665,21.913625000000003,,
355,"[Timestamp('2023-04-24 19:00:00'), Timestamp('2023-04-24 20:00:00')]",2023-04-24 19:30:00,4C,CK,night,,,,,,,,,21.372666666666667,20.749458333333333,,
356,"[Timestamp('2023-04-24 20:00:00'), Timestamp('2023-04-24 21:00:00')]",2023-04-24 20:30:00,4C,CK,night,,,,,,,,,20.444916666666668,20.070249999999998,,
357,"[Timestamp('2023-04-24 21:00:00'), Timestamp('2023-04-24 22:00:00')]",2023-04-24 21:30:00,4C,CK,night,1.8612335585207993,,,0.0917148014440398,,,4.406388162024519,,19.815583333333333,19.605875,,
358,"[Timestamp('2023-04-24 22:00:00'), Timestamp('2023-04-24 23:00:00')]",2023-04-24 22:30:00,4C,CK,night,,,,,,,,,19.331166666666665,19.262083333333333,,
359,"[Timestamp('2023-04-24 23:00:00'), Timestamp('2023-04-25 00:00:00')]",2023-04-24 23:30:00,4C,CK,night,1.6185561621520936,,,0.08702031063320174,,,4.805303932360252,,18.986875,19.022916666666667,,
360,"[Timestamp('2023-04-25 00:00:00'), Timestamp('2023-04-25 01:00:00')]",2023-04-25 00:30:00,4C,CK,night,1.7656083402311151,,,0.11085331734613099,,,3.9718820489244875,,18.754583333333333,18.8395,,
361,"[Timestamp('2023-04-25 01:00:00'), Timestamp('2023-04-25 02:00:00')]",2023-04-25 01:30:00,4C,CK,night,,,,,,,,,18.58625,18.690125000000002,,
362,"[Timestamp('2023-04-25 02:00:00'), Timestamp('2023-04-25 03:00:00')]",2023-04-25 02:30:00,4C,CK,night,1.6109151978110763,,,0.10632648953301888,,,4.462912712330683,,18.465833333333332,18.56866666666667,,
363,"[Timestamp('2023-04-25 03:00:00'), Timestamp('2023-04-25 04:00:00')]",2023-04-25 03:30:00,4C,CK,night,,,,,,,,,18.370749999999997,18.467791666666667,,
364,"[Timestamp('2023-04-25 04:00:00'), Timestamp('2023-04-25 05:00:00')]",2023-04-25 04:30:00,4C,CK,night,,,,,,,,,18.277125,18.385041666666666,,
365,"[Timestamp('2023-04-25 05:00:00'), Timestamp('2023-04-25 06:00:00')]",2023-04-25 05:30:00,4C,CK,night,1.606415876086525,,,0.10320404040405712,,,5.02591023020241,,18.199458333333332,18.304916666666667,,
366,"[Timestamp('2023-04-25 06:00:00'), Timestamp('2023-04-25 07:00:00')]",2023-04-25 06:30:00,4C,CK,day,,,,,,,,,18.117208333333334,18.216583333333332,,
367,"[Timestamp('2023-04-25 07:00:00'), Timestamp('2023-04-25 08:00:00')]",2023-04-25 07:30:00,4C,CK,day,1.7230634592184615,,,0.09023005384237433,,,7.663121626732001,,18.04004166666667,18.133375,,
368,"[Timestamp('2023-04-25 08:00:00'), Timestamp('2023-04-25 09:00:00')]",2023-04-25 08:30:00,4C,CK,day,,,,,,,,,17.996333333333332,18.072124999999996,,
369,"[Timestamp('2023-04-25 09:00:00'), Timestamp('2023-04-25 10:00:00')]",2023-04-25 09:30:00,4C,CK,day,1.6782735944723923,,,0.0908339465293137,,,7.8948120170420735,,17.966375000000003,18.033791666666666,,
370,"[Timestamp('2023-04-25 10:00:00'), Timestamp('2023-04-25 11:00:00')]",2023-04-25 10:30:00,4C,CK,day,1.8209470864625652,,,0.0899215200330435,,,7.38387627263102,,17.9835,18.03008333333333,,
371,"[Timestamp('2023-04-25 11:00:00'), Timestamp('2023-04-25 12:00:00')]",2023-04-25 11:30:00,4C,CK,day,,,,,,,,,18.005083333333335,18.023874999999997,,
372,"[Timestamp('2023-04-25 12:00:00'), Timestamp('2023-04-25 13:00:00')]",2023-04-25 12:30:00,4C,CK,day,1.7838905576787036,,,0.08717209690892763,,,7.379089387294809,,18.044291666666666,18.033,,
373,"[Timestamp('2023-04-25 13:00:00'), Timestamp('2023-04-25 14:00:00')]",2023-04-25 13:30:00,4C,CK,day,,,,,,,,,18.080791666666666,18.028624999999998,,
374,"[Timestamp('2023-04-25 14:00:00'), Timestamp('2023-04-25 15:00:00')]",2023-04-25 14:30:00,4C,CK,day,,,,,,,,,18.054208333333335,18.003458333333334,,
375,"[Timestamp('2023-04-25 15:00:00'), Timestamp('2023-04-25 16:00:00')]",2023-04-25 15:30:00,4C,CK,day,1.8539454500648886,,,0.08685708307177636,,,6.541682622050621,,18.035708333333332,17.992416666666667,,
376,"[Timestamp('2023-04-25 16:00:00'), Timestamp('2023-04-25 17:00:00')]",2023-04-25 16:30:00,4C,CK,day,,,,,,,,,17.988999999999997,17.96258333333333,,
377,"[Timestamp('2023-04-25 17:00:00'), Timestamp('2023-04-25 18:00:00')]",2023-04-25 17:30:00,4C,CK,day,1.5618756991373446,,,0.09044825941823048,,,6.534997438401966,,17.938791666666663,17.947041666666667,,
378,"[Timestamp('2023-04-25 18:00:00'), Timestamp('2023-04-25 19:00:00')]",2023-04-25 18:30:00,4C,CK,day,1.6937043565162935,,,0.08232398753894075,,,6.151830400132557,,17.89875,17.920166666666663,,
379,"[Timestamp('2023-04-25 19:00:00'), Timestamp('2023-04-25 20:00:00')]",2023-04-25 19:30:00,4C,CK,night,,,,,,,,,17.832541666666664,17.872374999999998,,
380,"[Timestamp('2023-04-25 20:00:00'), Timestamp('2023-04-25 21:00:00')]",2023-04-25 20:30:00,4C,CK,night,1.678543553777274,,,0.08225140712945075,,,4.617487481518402,,17.738625000000003,17.792833333333327,,
381,"[Timestamp('2023-04-25 21:00:00'), Timestamp('2023-04-25 22:00:00')]",2023-04-25 21:30:00,4C,CK,night,,,,,,,,,17.618583333333333,17.69075,,
382,"[Timestamp('2023-04-25 22:00:00'), Timestamp('2023-04-25 23:00:00')]",2023-04-25 22:30:00,4C,CK,night,,,,,,,,,17.552666666666664,17.644857142857145,,
383,"[Timestamp('2023-04-25 23:00:00'), Timestamp('2023-04-26 00:00:00')]",2023-04-25 23:30:00,4C,,night,,,,,,,,,17.489399999999996,17.57986666666667,,
384,"[Timestamp('2023-04-24 00:00:00'), Timestamp('2023-04-24 01:00:00')]",2023-04-24 00:30:00,4D,PL,night,,,,,,,,,27.85366666666667,27.777666666666672,,
385,"[Timestamp('2023-04-24 01:00:00'), Timestamp('2023-04-24 02:00:00')]",2023-04-24 01:30:00,4D,PL,night,,,,,,,,,27.885238095238098,27.721904761904764,,
386,"[Timestamp('2023-04-24 02:00:00'), Timestamp('2023-04-24 03:00:00')]",2023-04-24 02:30:00,4D,PL,night,,,,,,,,,27.943624999999997,27.650750000000002,,
387,"[Timestamp('2023-04-24 03:00:00'), Timestamp('2023-04-24 04:00:00')]",2023-04-24 03:30:00,4D,PL,night,,,,,,,,,27.93070833333333,27.513375,,
388,"[Timestamp('2023-04-24 04:00:00'), Timestamp('2023-04-24 05:00:00')]",2023-04-24 04:30:00,4D,PL,night,,,,,,,,,27.911166666666666,27.40570833333333,,
389,"[Timestamp('2023-04-24 05:00:00'), Timestamp('2023-04-24 06:00:00')]",2023-04-24 05:30:00,4D,PL,night,,,,,,,,,27.87166666666667,27.338583333333336,,
390,"[Timestamp('2023-04-24 06:00:00'), Timestamp('2023-04-24 07:00:00')]",2023-04-24 06:30:00,4D,PL,day,,,,,,,,,27.797541666666667,27.287416666666665,,
391,"[Timestamp('2023-04-24 07:00:00'), Timestamp('2023-04-24 08:00:00')]",2023-04-24 07:30:00,4D,PL,day,,,,,,,,,27.757124999999995,27.256000000000004,,
392,"[Timestamp('2023-04-24 08:00:00'), Timestamp('2023-04-24 09:00:00')]",2023-04-24 08:30:00,4D,PL,day,,,,,,,,,27.742666666666665,27.237916666666667,,
393,"[Timestamp('2023-04-24 09:00:00'), Timestamp('2023-04-24 10:00:00')]",2023-04-24 09:30:00,4D,PL,day,,,,,,,,,27.759291666666666,27.24095833333333,,
394,"[Timestamp('2023-04-24 10:00:00'), Timestamp('2023-04-24 11:00:00')]",2023-04-24 10:30:00,4D,PL,day,,,,,,,,,27.800916666666673,27.250958333333333,,
395,"[Timestamp('2023-04-24 11:00:00'), Timestamp('2023-04-24 12:00:00')]",2023-04-24 11:30:00,4D,PL,day,,,,,,,,,27.84208333333333,27.257500000000004,,
396,"[Timestamp('2023-04-24 12:00:00'), Timestamp('2023-04-24 13:00:00')]",2023-04-24 12:30:00,4D,PL,day,,,,,,,,,27.862000000000005,27.25641666666667,,
397,"[Timestamp('2023-04-24 13:00:00'), Timestamp('2023-04-24 14:00:00')]",2023-04-24 13:30:00,4D,PL,day,,,,,,,,,27.852624999999996,27.230333333333338,,
398,"[Timestamp('2023-04-24 14:00:00'), Timestamp('2023-04-24 15:00:00')]",2023-04-24 14:30:00,4D,PL,day,,,,,,,,,27.815083333333334,27.093208333333333,,
399,"[Timestamp('2023-04-24 15:00:00'), Timestamp('2023-04-24 16:00:00')]",2023-04-24 15:30:00,4D,PL,day,,,,,,,,,27.353041666666666,26.158250000000002,,
400,"[Timestamp('2023-04-24 16:00:00'), Timestamp('2023-04-24 17:00:00')]",2023-04-24 16:30:00,4D,PL,day,,,,,,,,,26.28729166666666,24.725583333333336,,
401,"[Timestamp('2023-04-24 17:00:00'), Timestamp('2023-04-24 18:00:00')]",2023-04-24 17:30:00,4D,PL,day,,,,,,,,,24.774,23.045625000000005,,
402,"[Timestamp('2023-04-24 18:00:00'), Timestamp('2023-04-24 19:00:00')]",2023-04-24 18:30:00,4D,PL,day,1.5921999927644153,,,0.10547504025765626,,,4.543282772208038,,22.965,21.27491666666667,,
403,"[Timestamp('2023-04-24 19:00:00'), Timestamp('2023-04-24 20:00:00')]",2023-04-24 19:30:00,4D,PL,night,,,,,,,,,21.38954166666667,20.189708333333336,,
404,"[Timestamp('2023-04-24 20:00:00'), Timestamp('2023-04-24 21:00:00')]",2023-04-24 20:30:00,4D,PL,night,,,,,,,,,20.27720833333333,19.521583333333336,,
405,"[Timestamp('2023-04-24 21:00:00'), Timestamp('2023-04-24 22:00:00')]",2023-04-24 21:30:00,4D,PL,night,1.3213726734115425,,,0.09246252676659768,,,3.244728449649346,,19.521416666666667,19.05625,,
406,"[Timestamp('2023-04-24 22:00:00'), Timestamp('2023-04-24 23:00:00')]",2023-04-24 22:30:00,4D,PL,night,1.2975442161768473,,,0.09656952034001516,,,3.1127613374667846,,19.024708333333333,18.741249999999997,,
407,"[Timestamp('2023-04-24 23:00:00'), Timestamp('2023-04-25 00:00:00')]",2023-04-24 23:30:00,4D,PL,night,1.7254481763852016,,,0.09395424836603355,,,,,18.68091666666667,18.51245833333333,,
408,"[Timestamp('2023-04-25 00:00:00'), Timestamp('2023-04-25 01:00:00')]",2023-04-25 00:30:00,4D,PL,night,1.6555165126485842,,,0.09154589371981259,,,,,18.429458333333333,18.329583333333336,,
409,"[Timestamp('2023-04-25 01:00:00'), Timestamp('2023-04-25 02:00:00')]",2023-04-25 01:30:00,4D,PL,night,1.5197471021202544,,,0.08854715219420481,,,3.450121229548964,,18.242416666666667,18.176458333333336,,
410,"[Timestamp('2023-04-25 02:00:00'), Timestamp('2023-04-25 03:00:00')]",2023-04-25 02:30:00,4D,PL,night,1.652750691079765,,,0.09918518518516828,,,,,18.08,18.048375,,
411,"[Timestamp('2023-04-25 03:00:00'), Timestamp('2023-04-25 04:00:00')]",2023-04-25 03:30:00,4D,PL,night,1.334315701337472,,,0.11151397011044138,,,4.392392818621511,,17.94025,17.944125,,
412,"[Timestamp('2023-04-25 04:00:00'), Timestamp('2023-04-25 05:00:00')]",2023-04-25 04:30:00,4D,PL,night,1.4982604290524708,,,0.11623028969561743,,,4.413988936789588,,17.839041666666667,17.852041666666665,,
413,"[Timestamp('2023-04-25 05:00:00'), Timestamp('2023-04-25 06:00:00')]",2023-04-25 05:30:00,4D,PL,night,1.6969882280994228,,,0.09434782608697685,,,,,17.760749999999998,17.773916666666665,,
414,"[Timestamp('2023-04-25 06:00:00'), Timestamp('2023-04-25 07:00:00')]",2023-04-25 06:30:00,4D,PL,day,1.4636324597897272,,,0.10421264367815042,,,6.014106091801767,,17.720166666666668,17.704625000000004,,
415,"[Timestamp('2023-04-25 07:00:00'), Timestamp('2023-04-25 08:00:00')]",2023-04-25 07:30:00,4D,PL,day,1.6183131793947843,,,0.09039506172837591,,,,,17.6825,17.625583333333335,,
416,"[Timestamp('2023-04-25 08:00:00'), Timestamp('2023-04-25 09:00:00')]",2023-04-25 08:30:00,4D,PL,day,1.5468931298465398,,,0.10155211912943685,,,6.730543331927268,,17.647125000000003,17.568958333333335,,
417,"[Timestamp('2023-04-25 09:00:00'), Timestamp('2023-04-25 10:00:00')]",2023-04-25 09:30:00,4D,PL,day,1.631909265845066,,,0.10325925925924372,,,,,17.63066666666667,17.52941666666667,,
418,"[Timestamp('2023-04-25 10:00:00'), Timestamp('2023-04-25 11:00:00')]",2023-04-25 10:30:00,4D,PL,day,1.5502498474456623,,,0.10276266061980706,,,7.50354614504541,,17.59216666666667,17.498875,,
419,"[Timestamp('2023-04-25 11:00:00'), Timestamp('2023-04-25 12:00:00')]",2023-04-25 11:30:00,4D,PL,day,1.5436910317650063,,,0.09157004830919228,,,,,17.56933333333333,17.485125,,
420,"[Timestamp('2023-04-25 12:00:00'), Timestamp('2023-04-25 13:00:00')]",2023-04-25 12:30:00,4D,PL,day,1.5298429541747065,,,0.09764344655535906,,,8.126897177088193,,17.563958333333336,17.476458333333333,,
421,"[Timestamp('2023-04-25 13:00:00'), Timestamp('2023-04-25 14:00:00')]",2023-04-25 13:30:00,4D,PL,day,1.609009422475516,,,0.09995061728393977,,,,,17.54370833333333,17.452,,
422,"[Timestamp('2023-04-25 14:00:00'), Timestamp('2023-04-25 15:00:00')]",2023-04-25 14:30:00,4D,PL,day,1.6325138940978947,,,0.10072463768116666,,,,,17.54029166666667,17.442249999999998,,
423,"[Timestamp('2023-04-25 15:00:00'), Timestamp('2023-04-25 16:00:00')]",2023-04-25 15:30:00,4D,PL,day,1.5880987190406763,,,0.09123456790123365,,,6.694576569720765,,17.542416666666668,17.444625,,
424,"[Timestamp('2023-04-25 16:00:00'), Timestamp('2023-04-25 17:00:00')]",2023-04-25 16:30:00,4D,PL,day,1.6298830148681875,,,0.09140685972478008,,,5.7111758718814345,,17.542375,17.457541666666664,,
425,"[Timestamp('2023-04-25 17:00:00'), Timestamp('2023-04-25 18:00:00')]",2023-04-25 17:30:00,4D,PL,day,,,,,,,,,17.548416666666665,17.473291666666668,,
426,"[Timestamp('2023-04-25 18:00:00'), Timestamp('2023-04-25 19:00:00')]",2023-04-25 18:30:00,4D,PL,day,,,,,,,,,17.523124999999997,17.45625,,
427,"[Timestamp('2023-04-25 19:00:00'), Timestamp('2023-04-25 20:00:00')]",2023-04-25 19:30:00,4D,PL,night,1.6146604919197347,,,0.09339170692432022,,,5.804634512542057,,17.472416666666664,17.414166666666667,,
428,"[Timestamp('2023-04-25 20:00:00'), Timestamp('2023-04-25 21:00:00')]",2023-04-25 20:30:00,4D,PL,night,,,,,,,,,17.401666666666664,17.342125000000003,,
429,"[Timestamp('2023-04-25 21:00:00'), Timestamp('2023-04-25 22:00:00')]",2023-04-25 21:30:00,4D,PL,night,1.5659552934313408,,,0.07967572722938664,,,4.005786255188701,,17.310624999999998,17.260083333333334,,
430,"[Timestamp('2023-04-25 22:00:00'), Timestamp('2023-04-25 23:00:00')]",2023-04-25 22:30:00,4D,PL,night,1.6286057148618942,,,0.09190476190474677,,,5.017871681778726,,17.261904761904763,17.230619047619047,,
431,"[Timestamp('2023-04-25 23:00:00'), Timestamp('2023-04-26 00:00:00')]",2023-04-25 23:30:00,4D,,night,,,,,,,,,17.2392,17.191266666666667,,
432,"[Timestamp('2023-04-24 00:00:00'), Timestamp('2023-04-24 01:00:00')]",2023-04-24 00:30:00,4E,PH,night,,,,,,,,,29.322000000000006,27.874866666666662,,
433,"[Timestamp('2023-04-24 01:00:00'), Timestamp('2023-04-24 02:00:00')]",2023-04-24 01:30:00,4E,PH,night,,,,,,,,,29.351285714285716,27.836142857142857,,
434,"[Timestamp('2023-04-24 02:00:00'), Timestamp('2023-04-24 03:00:00')]",2023-04-24 02:30:00,4E,PH,night,,,,,,,,,29.298458333333333,27.776666666666664,,
435,"[Timestamp('2023-04-24 03:00:00'), Timestamp('2023-04-24 04:00:00')]",2023-04-24 03:30:00,4E,PH,night,,,,,,,,,29.201916666666666,27.711791666666667,,
436,"[Timestamp('2023-04-24 04:00:00'), Timestamp('2023-04-24 05:00:00')]",2023-04-24 04:30:00,4E,PH,night,,,,,,,,,29.118458333333333,27.672541666666667,,
437,"[Timestamp('2023-04-24 05:00:00'), Timestamp('2023-04-24 06:00:00')]",2023-04-24 05:30:00,4E,PH,night,,,,,,,,,29.076,27.66779166666667,,
438,"[Timestamp('2023-04-24 06:00:00'), Timestamp('2023-04-24 07:00:00')]",2023-04-24 06:30:00,4E,PH,day,,,,,,,,,29.052541666666666,27.678791666666665,,
439,"[Timestamp('2023-04-24 07:00:00'), Timestamp('2023-04-24 08:00:00')]",2023-04-24 07:30:00,4E,PH,day,,,,,,,,,29.041333333333334,27.708750000000002,,
440,"[Timestamp('2023-04-24 08:00:00'), Timestamp('2023-04-24 09:00:00')]",2023-04-24 08:30:00,4E,PH,day,,,,,,,,,29.045041666666666,27.763291666666667,,
441,"[Timestamp('2023-04-24 09:00:00'), Timestamp('2023-04-24 10:00:00')]",2023-04-24 09:30:00,4E,PH,day,,,,,,,,,29.035708333333332,27.78483333333333,,
442,"[Timestamp('2023-04-24 10:00:00'), Timestamp('2023-04-24 11:00:00')]",2023-04-24 10:30:00,4E,PH,day,,,,,,,,,29.038791666666665,27.812375,,
443,"[Timestamp('2023-04-24 11:00:00'), Timestamp('2023-04-24 12:00:00')]",2023-04-24 11:30:00,4E,PH,day,,,,,,,,,29.035458333333334,27.830333333333332,,
444,"[Timestamp('2023-04-24 12:00:00'), Timestamp('2023-04-24 13:00:00')]",2023-04-24 12:30:00,4E,PH,day,,,,,,,,,29.01975,27.81775,,
445,"[Timestamp('2023-04-24 13:00:00'), Timestamp('2023-04-24 14:00:00')]",2023-04-24 13:30:00,4E,PH,day,,,,,,,,,29.006000000000004,27.815083333333334,,
446,"[Timestamp('2023-04-24 14:00:00'), Timestamp('2023-04-24 15:00:00')]",2023-04-24 14:30:00,4E,PH,day,,,,,,,,,28.933708333333335,27.69066666666667,,
447,"[Timestamp('2023-04-24 15:00:00'), Timestamp('2023-04-24 16:00:00')]",2023-04-24 15:30:00,4E,PH,day,,,,,,,,,27.980083333333333,26.650541666666665,,
448,"[Timestamp('2023-04-24 16:00:00'), Timestamp('2023-04-24 17:00:00')]",2023-04-24 16:30:00,4E,PH,day,,,,,,,,,26.479,25.007291666666667,,
449,"[Timestamp('2023-04-24 17:00:00'), Timestamp('2023-04-24 18:00:00')]",2023-04-24 17:30:00,4E,PH,day,2.269049385097154,,,0.08059487799961226,,,8.4017465049307,,24.725416666666668,23.07416666666667,,
450,"[Timestamp('2023-04-24 18:00:00'), Timestamp('2023-04-24 19:00:00')]",2023-04-24 18:30:00,4E,PH,day,,,,,,,,,22.881208333333333,21.056083333333333,,
451,"[Timestamp('2023-04-24 19:00:00'), Timestamp('2023-04-24 20:00:00')]",2023-04-24 19:30:00,4E,PH,night,2.2249855128450617,,,0.08512943050578223,,,5.659699296622287,,21.822583333333334,19.84116666666667,,
452,"[Timestamp('2023-04-24 20:00:00'), Timestamp('2023-04-24 21:00:00')]",2023-04-24 20:30:00,4E,PH,night,2.3130905666418626,,,0.08421616161617135,,,4.199902137580992,,21.246958333333335,19.14825,,
453,"[Timestamp('2023-04-24 21:00:00'), Timestamp('2023-04-24 22:00:00')]",2023-04-24 21:30:00,4E,PH,night,,,,,,,,,20.870583333333336,18.70741666666667,,
454,"[Timestamp('2023-04-24 22:00:00'), Timestamp('2023-04-24 23:00:00')]",2023-04-24 22:30:00,4E,PH,night,2.3976081909150686,,,0.08971923536440192,,,3.7026933712801364,,20.592458333333337,18.400249999999996,,
455,"[Timestamp('2023-04-24 23:00:00'), Timestamp('2023-04-25 00:00:00')]",2023-04-24 23:30:00,4E,PH,night,,,,,,,,,20.378541666666667,18.183125,,
456,"[Timestamp('2023-04-25 00:00:00'), Timestamp('2023-04-25 01:00:00')]",2023-04-25 00:30:00,4E,PH,night,,,,,,,,,20.208458333333333,18.022791666666663,,
457,"[Timestamp('2023-04-25 01:00:00'), Timestamp('2023-04-25 02:00:00')]",2023-04-25 01:30:00,4E,PH,night,2.315455138004322,,,0.09192417739628943,,,2.6873595246525572,,20.065958333333334,17.877875,,
458,"[Timestamp('2023-04-25 02:00:00'), Timestamp('2023-04-25 03:00:00')]",2023-04-25 02:30:00,4E,PH,night,2.3568979324289923,,,0.08461476074615214,,,2.914930603235242,,19.940291666666667,17.757625,,
459,"[Timestamp('2023-04-25 03:00:00'), Timestamp('2023-04-25 04:00:00')]",2023-04-25 03:30:00,4E,PH,night,,,,,,,,,19.838583333333336,17.650708333333334,,
460,"[Timestamp('2023-04-25 04:00:00'), Timestamp('2023-04-25 05:00:00')]",2023-04-25 04:30:00,4E,PH,night,2.060276853937512,,,0.09582125603865123,,,3.527051244355141,,19.7435,17.55454166666667,,
461,"[Timestamp('2023-04-25 05:00:00'), Timestamp('2023-04-25 06:00:00')]",2023-04-25 05:30:00,4E,PH,night,,,,,,,,,19.653708333333334,17.458791666666666,,
462,"[Timestamp('2023-04-25 06:00:00'), Timestamp('2023-04-25 07:00:00')]",2023-04-25 06:30:00,4E,PH,day,2.1571387669397697,,,0.0819393939394029,,,4.375931359161763,,19.565833333333334,17.375791666666668,,
463,"[Timestamp('2023-04-25 07:00:00'), Timestamp('2023-04-25 08:00:00')]",2023-04-25 07:30:00,4E,PH,day,,,,,,,,,19.47779166666667,17.29745833333333,,
464,"[Timestamp('2023-04-25 08:00:00'), Timestamp('2023-04-25 09:00:00')]",2023-04-25 08:30:00,4E,PH,day,,,,,,,,,19.410708333333332,17.233916666666666,,
465,"[Timestamp('2023-04-25 09:00:00'), Timestamp('2023-04-25 10:00:00')]",2023-04-25 09:30:00,4E,PH,day,2.2085123729669793,,,0.0846317103620537,,,6.644225737556698,,19.368458333333333,17.20191666666667,,
466,"[Timestamp('2023-04-25 10:00:00'), Timestamp('2023-04-25 11:00:00')]",2023-04-25 10:30:00,4E,PH,day,,,,,,,,,19.34395833333333,17.18975,,
467,"[Timestamp('2023-04-25 11:00:00'), Timestamp('2023-04-25 12:00:00')]",2023-04-25 11:30:00,4E,PH,day,2.183616408630006,,,0.08087465997070699,,,6.423622982877669,,19.331083333333332,17.186125,,
468,"[Timestamp('2023-04-25 12:00:00'), Timestamp('2023-04-25 13:00:00')]",2023-04-25 12:30:00,4E,PH,day,,,,,,,,,19.32175,17.19275,,
469,"[Timestamp('2023-04-25 13:00:00'), Timestamp('2023-04-25 14:00:00')]",2023-04-25 13:30:00,4E,PH,day,2.292941953865592,,,0.08331082463678485,,,8.0436399675148,,19.311874999999997,17.203583333333334,,
470,"[Timestamp('2023-04-25 14:00:00'), Timestamp('2023-04-25 15:00:00')]",2023-04-25 14:30:00,4E,PH,day,2.2139067346975483,,,0.07994118882587056,,,7.712873516253433,,19.31404166666667,17.213625,,
471,"[Timestamp('2023-04-25 15:00:00'), Timestamp('2023-04-25 16:00:00')]",2023-04-25 15:30:00,4E,PH,day,,,,,,,,,19.32270833333333,17.227833333333333,,
472,"[Timestamp('2023-04-25 16:00:00'), Timestamp('2023-04-25 17:00:00')]",2023-04-25 16:30:00,4E,PH,day,2.307900480001769,,,0.08498228059202889,,,7.899741548612552,,19.335958333333334,17.23375,,
473,"[Timestamp('2023-04-25 17:00:00'), Timestamp('2023-04-25 18:00:00')]",2023-04-25 17:30:00,4E,PH,day,,,,,,,,,19.340666666666667,17.218125,,
474,"[Timestamp('2023-04-25 18:00:00'), Timestamp('2023-04-25 19:00:00')]",2023-04-25 18:30:00,4E,PH,day,,,,,,,,,19.33341666666667,17.182458333333333,,
475,"[Timestamp('2023-04-25 19:00:00'), Timestamp('2023-04-25 20:00:00')]",2023-04-25 19:30:00,4E,PH,night,2.2056350117734165,,,0.07889361702127849,,,6.2468733223499955,,19.306708333333336,17.134583333333335,,
476,"[Timestamp('2023-04-25 20:00:00'), Timestamp('2023-04-25 21:00:00')]",2023-04-25 20:30:00,4E,PH,night,2.3236589091562445,,,0.08263234986398776,,,4.760040854615849,,19.257083333333338,17.072791666666667,,
477,"[Timestamp('2023-04-25 21:00:00'), Timestamp('2023-04-25 22:00:00')]",2023-04-25 21:30:00,4E,PH,night,,,,,,,,,19.200958333333332,17.022333333333332,,
478,"[Timestamp('2023-04-25 22:00:00'), Timestamp('2023-04-25 23:00:00')]",2023-04-25 22:30:00,4E,PH,night,2.2084880172051946,,,0.08417819706498879,,,4.176635850043146,,19.230761904761906,16.995285714285714,,
479,"[Timestamp('2023-04-25 23:00:00'), Timestamp('2023-04-26 00:00:00')]",2023-04-25 23:30:00,4E,,night,,,,,,,,,19.160533333333333,16.969466666666666,,
